# Blender 3.6.4
# www.blender.org
o ground
v -1.000000 0.000000 1.000000
v 1.000000 0.000000 1.000000
v -1.000000 0.000000 -1.000000
v 1.000000 0.000000 -1.000000
vn -0.0000 1.0000 -0.0000
vt 0.000000 0.000000
vt 1.000000 0.000000
vt 1.000000 1.000000
vt 0.000000 1.000000
s 0
f 1/1/1 2/2/1 4/3/1 3/4/1
o top
v -1.000000 2.000000 -1.000000
v 1.000000 2.000000 -1.000000
v -1.000000 2.000000 1.000000
v 1.000000 2.000000 1.000000
vn -0.0000 -1.0000 -0.0000
vt 0.000000 0.000000
vt 1.000000 0.000000
vt 1.000000 1.000000
vt 0.000000 1.000000
s 0
f 5/5/2 6/6/2 8/7/2 7/8/2
o wall_right
v -1.000000 0.000000 -1.000000
v 1.000000 0.000000 -1.000000
v -1.000000 2.000000 -1.000000
v 1.000000 2.000000 -1.000000
vn -0.0000 -0.0000 1.0000
vt 0.000000 0.000000
vt 1.000000 0.000000
vt 1.000000 1.000000
vt 0.000000 1.000000
s 0
f 9/9/3 10/10/3 12/11/3 11/12/3
o wall_left
v -1.000000 2.000000 1.000000
v 1.000000 2.000000 1.000000
v -1.000000 0.000000 1.000000
v 1.000000 0.000000 1.000000
vn -0.0000 -0.0000 -1.0000
vt 0.000000 0.000000
vt 1.000000 0.000000
vt 1.000000 1.000000
vt 0.000000 1.000000
s 0
f 13/13/4 14/14/4 16/15/4 15/16/4
o wall_back
v -1.000000 2.000000 1.000000
v -1.000000 0.000000 1.000000
v -1.000000 2.000000 -1.000000
v -1.000000 0.000000 -1.000000
vn 1.0000 -0.0000 -0.0000
vt 0.000000 0.000000
vt 1.000000 0.000000
vt 1.000000 1.000000
vt 0.000000 1.000000
s 0
f 17/17/5 18/18/5 20/19/5 19/20/5
o 猴头
v 0.470643 1.093195 -0.286352
v 0.544119 1.093195 0.086237
v 0.432127 1.062678 -0.306405
v 0.516100 1.062678 0.119410
v 0.381618 1.045725 -0.317180
v 0.473463 1.045725 0.148555
v 0.414652 1.011817 -0.237294
v 0.473695 1.011817 0.062108
v 0.457899 1.035552 -0.245822
v 0.516942 1.035552 0.053579
v 0.484512 1.079632 -0.251070
v 0.543556 1.079632 0.048331
v 0.497726 1.093195 -0.219116
v 0.543649 1.093195 0.013752
v 0.480344 1.062678 -0.184583
v 0.514457 1.062678 -0.011596
v 0.444360 1.045725 -0.156751
v 0.470601 1.045725 -0.023683
v 0.454247 1.127103 -0.124140
v 0.467367 1.127103 -0.057606
v 0.485592 1.127103 -0.157970
v 0.509209 1.127103 -0.038209
v 0.500350 1.127103 -0.205809
v 0.541024 1.127103 0.000445
v 0.497726 1.164401 -0.219116
v 0.543649 1.164401 0.013752
v 0.480344 1.191527 -0.184583
v 0.514457 1.191527 -0.011596
v 0.444360 1.211872 -0.156751
v 0.470601 1.211872 -0.023683
v 0.414652 1.245779 -0.237294
v 0.473695 1.245779 0.062108
v 0.457899 1.218653 -0.245822
v 0.516942 1.218653 0.053579
v 0.484512 1.177964 -0.251070
v 0.543556 1.177964 0.048331
v 0.470643 1.164401 -0.286352
v 0.544119 1.164401 0.086237
v 0.432127 1.191527 -0.306405
v 0.516100 1.191527 0.119410
v 0.381618 1.211872 -0.317180
v 0.473463 1.211872 0.148555
v 0.368404 1.127103 -0.349135
v 0.473370 1.127103 0.183134
v 0.420226 1.127103 -0.331706
v 0.514695 1.127103 0.147336
v 0.464692 1.127103 -0.299002
v 0.543416 1.127103 0.100199
v 0.470689 1.127103 -0.303641
v 0.550726 1.127103 0.102214
v 0.476640 1.167792 -0.290991
v 0.551428 1.167792 0.088251
v 0.494492 1.184746 -0.253038
v 0.553536 1.184746 0.046363
v 0.508362 1.167792 -0.217757
v 0.552973 1.167792 0.008457
v 0.511642 1.127103 -0.201124
v 0.549692 1.127103 -0.008176
v 0.508362 1.089804 -0.217757
v 0.552973 1.089804 0.008457
v 0.504472 1.127103 -0.255007
v 0.563516 1.127103 0.044395
v 0.494492 1.072851 -0.253038
v 0.553536 1.072851 0.046363
v 0.476640 1.089804 -0.290991
v 0.551428 1.089804 0.088251
v 0.497401 1.208481 -0.098089
v 0.530667 1.174573 -0.104650
v 0.494074 0.726994 -0.097433
v 0.514034 0.882969 -0.101370
v 0.520687 0.940611 -0.102682
v 0.487420 0.686305 -0.096121
v 0.437520 1.198308 -0.086281
v 0.424214 1.269514 -0.083657
v -0.051502 1.411926 0.010156
v -0.181243 1.266124 0.035742
v -0.171263 1.052506 0.033774
v 0.031665 0.855843 -0.006244
v 0.403830 0.940611 -0.169494
v 0.437944 0.940611 0.003493
v 0.397972 0.832107 -0.216724
v 0.450455 0.832107 0.049411
v 0.394692 0.720213 -0.233357
v 0.453735 0.720213 0.066044
v 0.376746 0.635444 -0.236731
v 0.438414 0.635444 0.075978
v 0.376700 0.611709 -0.219441
v 0.431807 0.611709 0.060000
v 0.402471 0.601536 -0.158858
v 0.432649 0.601536 -0.005831
v 0.427540 0.594755 -0.084313
v 0.370842 0.960956 -0.266671
v 0.444318 0.960956 0.105918
v 0.357768 1.005036 -0.350494
v 0.464046 1.005036 0.188429
v 0.301447 1.086414 -0.425788
v 0.440526 1.086414 0.279468
v 0.362030 1.208481 -0.451560
v 0.506358 1.208481 0.280310
v 0.387801 1.232216 -0.390977
v 0.507200 1.232216 0.214479
v 0.432784 1.283077 -0.303078
v 0.515444 1.283077 0.116084
v 0.467176 1.350892 -0.233827
v 0.520971 1.350892 0.038961
v 0.490933 1.333939 -0.165935
v 0.517175 1.333939 -0.032868
v 0.495479 1.235607 -0.125359
v 0.505975 1.235607 -0.072132
v 0.496931 1.201699 -0.170574
v 0.524484 1.201699 -0.030853
v 0.496884 1.154229 -0.153285
v 0.517877 1.154229 -0.046831
v 0.480344 1.062678 -0.184583
v 0.514457 1.062678 -0.011596
v 0.449277 1.028771 -0.254490
v 0.512257 1.028771 0.064871
v 0.426130 1.049115 -0.301766
v 0.508791 1.049115 0.117396
v 0.404997 1.103367 -0.356352
v 0.509963 1.103367 0.175917
v 0.403685 1.150838 -0.363005
v 0.511275 1.150838 0.182571
v 0.413619 1.184746 -0.347684
v 0.514648 1.184746 0.164625
v 0.451339 1.211872 -0.279089
v 0.523502 1.211872 0.086846
v 0.483061 1.225435 -0.205855
v 0.525047 1.225435 0.007052
v 0.494074 0.689696 -0.097433
v 0.484889 0.710040 -0.144007
v 0.503258 0.710040 -0.050860
v 0.474253 0.659179 -0.145366
v 0.493934 0.659179 -0.045565
v 0.472192 0.638834 -0.120767
v 0.482689 0.638834 -0.067540
v 0.474114 0.635444 -0.093497
v 0.500727 0.937221 -0.098746
v 0.497401 0.960956 -0.098089
v 0.488872 0.957565 -0.141336
v 0.505929 0.957565 -0.054843
v 0.490231 0.923658 -0.151972
v 0.511224 0.923658 -0.045519
v 0.490184 0.896532 -0.134683
v 0.504617 0.896532 -0.061496
v 0.434003 1.001645 -0.261846
v 0.500918 1.001645 0.077476
v 0.395673 1.045725 -0.351057
v 0.499327 1.045725 0.174559
v 0.376509 1.110149 -0.395662
v 0.498532 1.110149 0.223101
v 0.398484 1.184746 -0.406908
v 0.523130 1.184746 0.225162
v 0.433016 1.201699 -0.389525
v 0.548478 1.201699 0.195971
v 0.483949 1.259342 -0.288976
v 0.557425 1.259342 0.083612
v 0.511079 1.300031 -0.239029
v 0.563562 1.300031 0.027105
v 0.526917 1.289859 -0.193768
v 0.561031 1.289859 -0.020780
v 0.532119 1.208481 -0.149865
v 0.549176 1.208481 -0.063371
v 0.516844 0.977910 -0.157221
v 0.537837 0.977910 -0.050767
v 0.466381 0.828717 -0.185286
v 0.501807 0.828717 -0.005645
v 0.453121 0.716822 -0.199951
v 0.495107 0.716822 0.012957
v 0.441829 0.665960 -0.204636
v 0.486439 0.665960 0.021578
v 0.431146 0.625271 -0.188705
v 0.470508 0.625271 0.010895
v 0.437050 0.618490 -0.158765
v 0.464604 0.618490 -0.019045
v 0.454154 0.611709 -0.089561
v 0.490747 1.042334 -0.096777
v 0.507381 1.113540 -0.100058
v 0.469847 1.228825 -0.237810
v 0.524954 1.228825 0.041631
v 0.486950 1.083023 -0.168606
v 0.514504 1.083023 -0.028885
v 0.492901 1.113540 -0.155955
v 0.515207 1.113540 -0.042848
v 0.484233 0.723603 -0.147334
v 0.503914 0.723603 -0.047533
v 0.494167 0.828717 -0.132012
v 0.507288 0.828717 -0.065479
v 0.500727 0.828717 -0.098746
v 0.497401 0.879578 -0.098089
v 0.506162 0.903313 -0.141290
v 0.521906 0.903313 -0.061449
v 0.509535 0.923658 -0.159235
v 0.531840 0.923658 -0.046128
v 0.504849 0.964347 -0.147943
v 0.523218 0.964347 -0.054796
v 0.510754 0.967737 -0.118003
v 0.517314 0.967737 -0.084736
v 0.533994 0.933830 -0.105306
v 0.523404 0.957565 -0.123954
v 0.531277 0.957565 -0.084034
v 0.519468 0.954174 -0.143914
v 0.535213 0.954174 -0.064074
v 0.524810 0.923658 -0.151879
v 0.543178 0.923658 -0.058732
v 0.517454 0.913485 -0.136605
v 0.530574 0.913485 -0.070071
v 0.524014 0.896532 -0.103338
v 0.395911 0.886359 -0.192125
v 0.439209 0.886359 0.027436
v 0.470317 0.916876 -0.165326
v 0.497871 0.916876 -0.025605
v 0.469005 0.886359 -0.171979
v 0.499183 0.886359 -0.018952
v 0.397879 0.913485 -0.182145
v 0.437241 0.913485 0.017456
v 0.474114 0.642225 -0.093497
v 0.470178 0.645616 -0.113457
v 0.478050 0.645616 -0.073537
v 0.476221 0.665960 -0.135386
v 0.491966 0.665960 -0.055545
v 0.482875 0.699868 -0.136698
v 0.498620 0.699868 -0.056857
v 0.460807 0.682914 -0.090873
v 0.456261 0.696477 -0.131449
v 0.472006 0.696477 -0.051609
v 0.446281 0.669351 -0.129481
v 0.462026 0.669351 -0.049641
v 0.446891 0.652398 -0.108865
v 0.454763 0.652398 -0.068945
v 0.450827 0.649007 -0.088905
v 0.499601 1.116930 -0.174557
v 0.528467 1.116930 -0.028183
v 0.494962 1.089804 -0.180554
v 0.526452 1.089804 -0.020873
v 0.475844 1.208481 -0.242449
v 0.532263 1.208481 0.043646
v 0.487746 1.205090 -0.217147
v 0.533669 1.205090 0.015720
v 0.475281 1.194918 -0.280354
v 0.546133 1.194918 0.078927
v 0.430206 1.174573 -0.333674
v 0.524675 1.174573 0.145368
v 0.424911 1.147447 -0.342998
v 0.523316 1.147447 0.156004
v 0.422240 1.106758 -0.339016
v 0.519334 1.106758 0.153333
v 0.447402 1.066069 -0.299049
v 0.527439 1.066069 0.106806
v 0.465911 1.049115 -0.257770
v 0.528890 1.049115 0.061591
v 0.495009 1.069460 -0.197843
v 0.533059 1.069460 -0.004896
v 0.498945 1.150838 -0.177883
v 0.529123 1.150838 -0.024856
v 0.496321 1.184746 -0.191190
v 0.531747 1.184746 -0.011549
v 0.484373 1.177964 -0.199202
v 0.523735 1.177964 0.000399
v 0.487653 1.150838 -0.182569
v 0.520455 1.150838 -0.016235
v 0.483717 1.076241 -0.202529
v 0.524391 1.076241 0.003726
v 0.459257 1.059288 -0.256458
v 0.522237 1.059288 0.062903
v 0.442061 1.072851 -0.291084
v 0.519473 1.072851 0.101465
v 0.421538 1.113540 -0.325053
v 0.513383 1.113540 0.140683
v 0.420882 1.144056 -0.328380
v 0.514039 1.144056 0.144009
v 0.426177 1.167792 -0.319056
v 0.515397 1.167792 0.133373
v 0.465957 1.191527 -0.275060
v 0.535497 1.191527 0.077569
v 0.483763 1.194918 -0.219818
v 0.530998 1.194918 0.019703
v 0.472518 1.198308 -0.241793
v 0.528937 1.198308 0.044302
v 0.483670 1.096586 -0.185239
v 0.517784 1.096586 -0.012252
v 0.484326 1.120321 -0.181913
v 0.517128 1.120321 -0.015578
v 0.431662 1.222044 -0.133510
v 0.450031 1.222044 -0.040363
v 0.427773 1.310203 -0.170760
v 0.460575 1.310203 -0.004426
v 0.405984 1.320376 -0.228672
v 0.462403 1.320376 0.057423
v 0.376886 1.262733 -0.288599
v 0.458234 1.262733 0.123910
v 0.333872 1.218653 -0.366518
v 0.448022 1.218653 0.212325
v 0.310724 1.198308 -0.413794
v 0.444556 1.198308 0.264849
v 0.276099 1.093195 -0.396597
v 0.405994 1.093195 0.262086
v 0.307165 1.021989 -0.326690
v 0.408195 1.021989 0.185619
v 0.344229 0.981300 -0.261422
v 0.417705 0.981300 0.111166
v 0.304453 1.411926 -0.060039
v 0.148099 1.449224 -0.029206
v -0.104729 0.937221 0.020653
v 0.261206 0.821935 -0.051511
v 0.377640 0.598145 -0.074472
v 0.327740 0.672742 -0.064632
v 0.317760 0.774465 -0.062664
v 0.301126 0.811763 -0.059383
v 0.133145 1.123712 -0.402967
v 0.276160 1.123712 0.322250
v 0.089242 1.161010 -0.397765
v 0.233570 1.161010 0.334105
v -0.069876 1.137275 -0.328370
v 0.060019 1.137275 0.330313
v -0.156742 1.211872 -0.172997
v -0.079329 1.211872 0.219551
v 0.149639 1.001645 -0.354379
v 0.272973 1.001645 0.271038
v 0.061647 0.967737 -0.274817
v 0.161364 0.967737 0.230838
v -0.055397 1.018599 -0.272472
v 0.052193 1.018599 0.273104
v -0.129612 1.045725 -0.123050
v -0.073193 1.045725 0.163044
v 0.334672 0.869406 -0.169680
v 0.374034 0.869406 0.029920
v 0.276057 0.842280 -0.133929
v 0.306235 0.842280 0.019098
v 0.320100 0.713431 -0.190999
v 0.368647 0.713431 0.055175
v 0.326707 0.804981 -0.175022
v 0.368693 0.804981 0.037886
v 0.323473 0.625271 -0.208945
v 0.378580 0.625271 0.070497
v 0.325911 0.693087 -0.126480
v 0.349528 0.693087 -0.006719
v 0.323897 0.788028 -0.119171
v 0.344890 0.788028 -0.012717
v 0.353883 0.611709 -0.142364
v 0.381437 0.611709 -0.002644
v 0.345964 0.899922 -0.164995
v 0.382702 0.899922 0.021299
v 0.363254 0.923658 -0.164949
v 0.398680 0.923658 0.014692
v 0.377216 0.947393 -0.164246
v 0.411330 0.947393 0.008741
v 0.233513 0.852452 -0.139363
v 0.268939 0.852452 0.040278
v 0.043329 0.886359 -0.139875
v 0.093188 0.886359 0.112953
v -0.077041 0.957565 -0.136874
v -0.019310 0.957565 0.155874
v -0.019692 1.398363 -0.196568
v 0.056408 1.398363 0.189327
v 0.113376 1.425489 -0.222809
v 0.189476 1.425489 0.163086
v 0.243116 1.391581 -0.248395
v 0.319216 1.391581 0.137500
v 0.325627 1.249170 -0.268122
v 0.403039 1.249170 0.124426
v 0.263402 1.198308 -0.373357
v 0.385424 1.198308 0.245406
v 0.247987 1.218653 -0.328845
v 0.354265 1.218653 0.210078
v 0.150858 1.327157 -0.313146
v 0.258447 1.327157 0.232430
v 0.167677 1.266124 -0.385584
v 0.301508 1.266124 0.293059
v 0.064550 1.289859 -0.365247
v 0.198381 1.289859 0.313396
v 0.044404 1.347502 -0.292153
v 0.151994 1.347502 0.253423
v -0.062050 1.316985 -0.271160
v 0.045540 1.316985 0.274416
v -0.038577 1.255951 -0.344910
v 0.095254 1.255951 0.333733
v -0.119962 1.164401 -0.249371
v -0.016309 1.164401 0.276244
v -0.092176 1.032162 -0.196098
v -0.010828 1.032162 0.216411
v 0.025988 1.164401 -0.368011
v 0.163756 1.164401 0.330592
v 0.210459 0.947393 -0.221218
v 0.278687 0.947393 0.124757
v 0.055463 0.937221 -0.201021
v 0.127627 0.937221 0.164914
v 0.006777 1.198308 -0.395327
v 0.156353 1.198308 0.363157
v 0.063191 0.960956 -0.354611
v 0.193086 0.960956 0.304072
v -0.045608 0.977910 -0.450661
v 0.128898 0.977910 0.434236
v -0.109192 1.045725 -0.545260
v 0.105988 1.045725 0.545892
v -0.111769 1.161010 -0.575856
v 0.115219 1.161010 0.575176
v -0.101929 1.242388 -0.525956
v 0.105379 1.242388 0.525276
v -0.037642 1.228825 -0.445320
v 0.134239 1.228825 0.426271
v -0.027006 1.201699 -0.443961
v 0.143563 1.201699 0.420976
v -0.084686 1.211872 -0.508620
v 0.114749 1.211872 0.502691
v -0.097899 1.147447 -0.540575
v 0.114656 1.147447 0.537270
v -0.093307 1.055897 -0.517288
v 0.110064 1.055897 0.513983
v -0.034972 1.005036 -0.449303
v 0.138222 1.005036 0.428941
v 0.055272 0.991473 -0.377242
v 0.194352 0.991473 0.328015
v 0.010806 1.177964 -0.409946
v 0.165631 1.177964 0.375151
v -0.021102 1.154229 -0.414021
v 0.137659 1.154229 0.391036
v 0.017413 1.011817 -0.393968
v 0.165677 1.011817 0.357862
v -0.062241 1.021989 -0.447381
v 0.112264 1.021989 0.437516
v -0.107973 1.062678 -0.504028
v 0.091462 1.062678 0.507284
v -0.111909 1.130493 -0.523988
v 0.095399 1.130493 0.527244
v -0.103334 1.177964 -0.498030
v 0.093477 1.177964 0.499974
v -0.057602 1.171183 -0.441384
v 0.114279 1.171183 0.430207
v 0.020693 1.147447 -0.377335
v 0.162397 1.147447 0.341229
v -0.005264 1.096586 -0.368760
v 0.135128 1.096586 0.343150
v 0.001296 1.062678 -0.335493
v 0.128567 1.062678 0.309883
v -0.003952 1.059288 -0.362106
v 0.133816 1.059288 0.336497
v -0.005920 1.028771 -0.372086
v 0.135784 1.028771 0.346477
v -0.003296 1.015208 -0.358780
v 0.133160 1.015208 0.333170
v 0.090414 1.021989 -0.339243
v 0.212437 1.021989 0.279520
v 0.047823 1.011817 -0.327388
v 0.168534 1.011817 0.284721
v 0.041170 1.038943 -0.326076
v 0.161881 1.038943 0.286034
v 0.024630 1.110149 -0.357375
v 0.158461 1.110149 0.321268
v -0.006529 1.127103 -0.392703
v 0.143047 1.127103 0.365781
v -0.029816 1.123712 -0.388110
v 0.119760 1.123712 0.370373
v -0.023256 1.015208 -0.354844
v 0.113200 1.015208 0.337106
v -0.026536 1.028771 -0.371477
v 0.116480 1.028771 0.353740
v -0.024568 1.055897 -0.361497
v 0.114512 1.055897 0.343760
v -0.019320 1.062678 -0.334883
v 0.109263 1.062678 0.317146
v -0.025880 1.096586 -0.368150
v 0.115824 1.096586 0.350413
v -0.082201 1.164401 -0.443445
v 0.092304 1.164401 0.441452
v -0.124606 1.171183 -0.500748
v 0.074829 1.171183 0.510564
v -0.133837 1.127103 -0.530032
v 0.077407 1.127103 0.541160
v -0.126574 1.059288 -0.510728
v 0.076797 1.059288 0.520544
v -0.086184 1.021989 -0.446116
v 0.089634 1.021989 0.445435
v -0.005873 1.015208 -0.389376
v 0.142391 1.015208 0.362454
v -0.045045 1.147447 -0.412756
v 0.115028 1.147447 0.398955
v -0.033143 1.069460 -0.387454
v 0.116433 1.069460 0.371029
v -0.040406 1.049115 -0.406758
v 0.117043 1.049115 0.391645
v -0.058961 1.076241 -0.430748
v 0.108984 1.076241 0.420883
v -0.049027 1.096586 -0.415426
v 0.112357 1.096586 0.402937
v -0.063600 1.123712 -0.436745
v 0.106970 1.123712 0.428192
v -0.070206 1.103367 -0.452722
v 0.106923 1.103367 0.445482
v -0.078125 1.113540 -0.475353
v 0.108189 1.113540 0.469424
v -0.076157 1.140666 -0.465373
v 0.106221 1.140666 0.459444
v -0.110829 1.211872 -0.430887
v 0.061052 1.211872 0.440703
v -0.156468 1.225435 -0.522113
v 0.053464 1.225435 0.542426
v -0.146348 1.150838 -0.575949
v 0.083264 1.150838 0.588390
v -0.155063 1.045725 -0.550038
v 0.065365 1.045725 0.567727
v -0.115468 0.984691 -0.436885
v 0.059038 0.984691 0.448013
v -0.024614 0.967737 -0.344207
v 0.107905 0.967737 0.327782
v -0.053806 1.188136 -0.369555
v 0.090522 1.188136 0.362315
vn 0.5771 -0.2008 -0.7916
vn 0.8344 -0.2008 0.5132
vn 0.2996 -0.3036 -0.9045
vn 0.6205 -0.3036 0.7230
vn 0.3561 -0.7933 -0.4938
vn 0.5169 -0.7933 0.3216
vn 0.6975 -0.5089 -0.5044
vn 0.8368 -0.5089 0.2019
vn 0.8377 -0.5394 -0.0850
vn 0.8073 -0.5394 -0.2394
vn 0.5118 -0.8413 0.1739
vn 0.4075 -0.8413 -0.3552
vn 0.6808 -0.3352 0.6512
vn 0.3826 -0.3352 -0.8610
vn 0.9361 -0.1940 0.2934
vn 0.7546 -0.1940 -0.6268
vn 0.9341 0.1907 0.3017
vn 0.7497 0.1907 -0.6338
vn 0.6901 0.3264 0.6459
vn 0.3933 0.3264 -0.8595
vn 0.5571 0.8173 0.1469
vn 0.4596 0.8173 -0.3474
vn 0.8194 0.5696 -0.0648
vn 0.7826 0.5696 -0.2511
vn 0.6744 0.5370 -0.5068
vn 0.8163 0.5370 0.2128
vn 0.4005 0.7672 -0.5010
vn 0.5607 0.7672 0.3115
vn 0.3080 0.2952 -0.9044
vn 0.6283 0.2952 0.7198
vn 0.5711 0.1971 -0.7969
vn 0.8308 0.1971 0.5204
vn -0.6344 0.3244 -0.7016
vn -0.3205 0.3244 0.8899
vn -0.5630 0.8206 -0.0981
vn -0.4836 0.8206 0.3045
vn -0.3703 0.7806 0.5035
vn -0.5337 0.7806 -0.3252
vn -0.2975 0.3225 0.8986
vn -0.6164 0.3225 -0.7184
vn -0.2988 -0.3487 0.8883
vn -0.6136 -0.3487 -0.7084
vn -0.3703 -0.7806 0.5035
vn -0.5337 -0.7806 -0.3252
vn -0.5630 -0.8206 -0.0981
vn -0.4836 -0.8206 0.3045
vn -0.6330 -0.3510 -0.6901
vn -0.3236 -0.3510 0.8787
vn 0.8197 -0.0623 -0.5694
vn 0.9745 -0.0623 0.2156
vn 0.8584 -0.1754 -0.4821
vn 0.9771 -0.1754 0.1202
vn 0.9417 -0.1835 -0.2820
vn 0.9783 -0.1835 -0.0966
vn 0.9909 -0.0283 -0.1318
vn 0.9667 -0.0283 -0.2542
vn 0.9909 0.0260 -0.1319
vn 0.9668 0.0260 -0.2542
vn 0.9421 0.1729 -0.2873
vn 0.9806 0.1729 -0.0919
vn 0.8618 0.1656 -0.4794
vn 0.9793 0.1656 0.1163
vn 0.8200 0.0572 -0.5696
vn 0.9748 0.0572 0.2156
vn 0.4592 -0.8616 -0.2160
vn 0.5069 -0.8616 0.0255
vn 0.4011 -0.8647 -0.3023
vn 0.4858 -0.8647 0.1274
vn 0.5400 -0.4550 -0.7081
vn 0.7684 -0.4550 0.4500
vn 0.4766 -0.0506 -0.8777
vn 0.7741 -0.0506 0.6310
vn 0.4572 0.0900 -0.8848
vn 0.7589 0.0900 0.6450
vn 0.4022 -0.8188 -0.4097
vn 0.5276 -0.8188 0.2263
vn 0.5550 -0.6629 -0.5026
vn 0.7042 -0.6629 0.2543
vn 0.4461 -0.4193 -0.7907
vn 0.7128 -0.4193 0.5622
vn 0.5188 -0.3634 -0.7738
vn 0.7738 -0.3634 0.5188
vn 0.6310 0.3707 -0.6815
vn 0.8425 0.3707 0.3909
vn 0.4619 0.6464 -0.6073
vn 0.6578 0.6464 0.3865
vn 0.4723 0.5167 -0.7141
vn 0.7080 0.5167 0.4813
vn 0.7435 0.6610 -0.1017
vn 0.7264 0.6610 -0.1882
vn 0.7397 0.3187 0.5927
vn 0.4593 0.3187 -0.8291
vn 0.6907 0.5554 0.4632
vn 0.4632 0.5554 -0.6907
vn 0.6304 -0.3909 -0.6707
vn 0.8378 -0.3909 0.3812
vn 0.7963 -0.4690 -0.3820
vn 0.8817 -0.4690 0.0511
vn 0.8424 -0.5321 -0.0852
vn 0.8117 -0.5321 -0.2410
vn 0.7508 -0.6575 -0.0640
vn 0.7189 -0.6575 -0.2258
vn 0.7983 -0.5667 -0.2040
vn 0.8159 -0.5667 -0.1143
vn 0.8650 -0.2130 -0.4544
vn 0.9727 -0.2130 0.0920
vn 0.8154 -0.1824 -0.5494
vn 0.9629 -0.1824 0.1988
vn 0.8150 -0.2878 -0.5029
vn 0.9449 -0.2878 0.1559
vn 0.8343 0.0603 -0.5480
vn 0.9799 0.0603 0.1902
vn 0.9620 0.2680 -0.0519
vn 0.9097 0.2680 -0.3172
vn 0.7182 -0.4321 -0.5454
vn 0.8715 -0.4321 0.2319
vn 0.8971 -0.2474 -0.3660
vn 0.9689 -0.2474 -0.0019
vn 0.9603 -0.1948 -0.1995
vn 0.9642 -0.1948 -0.1800
vn 0.6864 -0.6966 -0.2088
vn 0.7143 -0.6966 -0.0674
vn 0.7474 -0.5723 -0.3373
vn 0.8195 -0.5723 0.0283
vn 0.8311 -0.2708 -0.4857
vn 0.9533 -0.2708 0.1338
vn 0.8743 -0.0265 -0.4846
vn 0.9928 -0.0265 0.1164
vn 0.8552 -0.1306 -0.5015
vn 0.9816 -0.1306 0.1393
vn 0.9820 0.0574 -0.1797
vn 0.9767 0.0574 -0.2066
vn 0.9795 -0.0656 -0.1905
vn 0.9785 -0.0656 -0.1956
vn 0.9811 -0.0000 -0.1935
vn -0.2015 -0.5744 -0.7934
vn 0.1148 -0.5744 0.8105
vn -0.3940 0.2297 -0.8899
vn -0.0266 0.2297 0.9729
vn -0.4206 0.9073 -0.0011
vn -0.3886 0.9073 0.1607
vn 0.4699 0.3555 0.8080
vn 0.1280 0.3555 -0.9259
vn 0.1362 -0.8797 -0.4557
vn 0.2990 -0.8797 0.3698
vn 0.6962 -0.5747 -0.4302
vn 0.8074 -0.5747 0.1337
vn 0.5759 0.6019 0.5533
vn 0.3227 0.6019 -0.7305
vn 0.5733 0.7892 -0.2203
vn 0.6140 0.7892 -0.0138
vn 0.4255 0.2916 -0.8567
vn 0.7189 0.2916 0.6310
vn 0.4971 -0.7130 -0.4944
vn 0.6476 -0.7130 0.2687
vn 0.9444 0.2314 -0.2334
vn 0.9624 0.2314 -0.1426
vn 0.8914 -0.4018 -0.2099
vn 0.9043 -0.4018 -0.1442
vn 0.9503 -0.1610 0.2663
vn 0.7781 -0.1610 -0.6072
vn 0.8986 -0.4364 0.0452
vn 0.8142 -0.4364 -0.3830
vn 0.7908 -0.1290 -0.5984
vn 0.9587 -0.1290 0.2534
vn 0.8762 0.0501 -0.4793
vn 0.9926 0.0501 0.1108
vn 0.3330 0.3010 -0.8936
vn 0.6473 0.3010 0.7003
vn 0.2322 0.2574 -0.9380
vn 0.5710 0.2574 0.7796
vn 0.1186 0.1601 -0.9799
vn 0.4818 0.1601 0.8616
vn 0.6658 -0.6539 -0.3593
vn 0.7524 -0.6539 0.0796
vn 0.9792 -0.1997 -0.0365
vn 0.9197 -0.1997 -0.3379
vn 0.9913 -0.1025 0.0831
vn 0.8855 -0.1025 -0.4532
vn 0.9763 0.1952 -0.0931
vn 0.9386 0.1952 -0.2846
vn 0.2967 0.9494 0.1028
vn 0.2355 0.9494 -0.2077
vn 0.2644 0.7082 0.6546
vn -0.0039 0.7082 -0.7060
vn 0.1935 -0.0000 0.9811
vn -0.1935 -0.0000 -0.9811
vn 0.0568 -0.9450 -0.3222
vn 0.1749 -0.9450 0.2765
vn 0.9303 -0.2981 -0.2138
vn 0.9418 -0.2981 -0.1553
vn 0.8840 -0.3479 -0.3122
vn 0.9364 -0.3479 -0.0468
vn 0.8988 -0.2755 0.3411
vn 0.7020 -0.2755 -0.6568
vn 0.9792 -0.0419 0.1986
vn 0.8305 -0.0419 -0.5555
vn 0.9992 0.0374 0.0153
vn 0.9186 0.0374 -0.3934
vn 0.7655 -0.4767 0.4321
vn 0.5441 -0.4767 -0.6904
vn 0.6579 -0.7531 0.0098
vn 0.6049 -0.7531 -0.2588
vn 0.5894 -0.6071 -0.5330
vn 0.7476 -0.6071 0.2693
vn 0.5826 -0.4130 -0.7000
vn 0.8047 -0.4130 0.4264
vn 0.6933 -0.0968 -0.7142
vn 0.9125 -0.0968 0.3975
vn 0.6872 0.1180 -0.7168
vn 0.9079 0.1180 0.4023
vn 0.5659 0.5621 -0.6032
vn 0.7525 0.5621 0.3432
vn 0.6828 0.6114 -0.4001
vn 0.7835 0.6114 0.1109
vn 0.8691 0.3607 -0.3385
vn 0.9325 0.3607 -0.0168
vn 0.9534 0.2495 -0.1698
vn 0.9465 0.2495 -0.2048
vn 0.7687 -0.4166 -0.4852
vn 0.8954 -0.4166 0.1571
vn 0.8517 -0.2610 -0.4544
vn 0.9604 -0.2610 0.0971
vn 0.7506 -0.6514 0.1111
vn 0.6522 -0.6514 -0.3877
vn 0.5283 -0.8455 -0.0777
vn 0.5182 -0.8455 -0.1287
vn 0.9501 -0.2606 0.1712
vn 0.8140 -0.2606 -0.5191
vn 0.9863 -0.0110 0.1646
vn 0.8500 -0.0110 -0.5267
vn 0.8866 0.4608 -0.0406
vn 0.8356 0.4608 -0.2990
vn 0.7788 0.6159 -0.1187
vn 0.7656 0.6159 -0.1858
vn 0.6443 0.5836 -0.4943
vn 0.7837 0.5836 0.2127
vn 0.5764 0.5300 -0.6221
vn 0.7694 0.5300 0.3567
vn 0.5251 -0.3333 -0.7831
vn 0.7831 -0.3333 0.5251
vn 0.4040 -0.0731 -0.9119
vn 0.7199 -0.0731 0.6902
vn 0.4466 0.1162 -0.8872
vn 0.7500 0.1162 0.6512
vn -0.1388 0.8111 0.5682
vn -0.3442 0.8111 -0.4730
vn -0.2012 0.3695 0.9072
vn -0.5306 0.3695 -0.7629
vn -0.3776 0.8675 0.3238
vn -0.4723 0.8675 -0.1562
vn -0.4119 0.7465 -0.5226
vn -0.1827 0.7465 0.6398
vn -0.3772 0.8758 -0.3013
vn -0.2346 0.8758 0.4219
vn -0.3371 0.9151 -0.2211
vn -0.2280 0.9151 0.3325
vn -0.6553 0.1340 -0.7434
vn -0.3240 0.1340 0.9365
vn -0.5327 -0.7233 -0.4395
vn -0.3259 -0.7233 0.6088
vn -0.5030 -0.8131 -0.2931
vn -0.3541 -0.8131 0.4621
vn -0.8105 -0.5806 -0.0782
vn -0.7201 -0.5806 0.3800
vn -0.9969 -0.0583 -0.0530
vn -0.9021 -0.0583 0.4275
vn -0.8895 -0.4535 0.0569
vn -0.8445 -0.4535 0.2850
vn -0.1585 -0.9836 -0.0862
vn -0.1139 -0.9836 0.1399
vn -0.2446 -0.9669 -0.0724
vn -0.1988 -0.9669 0.1599
vn -0.4612 -0.0085 -0.8873
vn -0.0898 -0.0085 0.9959
vn -0.4984 0.1629 -0.8515
vn -0.1378 0.1629 0.9770
vn -0.9993 0.0207 0.0313
vn -0.9364 0.0207 0.3504
vn -0.9538 -0.2177 0.2072
vn -0.9610 -0.2177 0.1704
vn -0.7231 -0.2926 -0.6257
vn -0.4314 -0.2926 0.8534
vn -0.5388 0.1379 -0.8311
vn -0.1830 0.1379 0.9734
vn -0.3706 0.3127 -0.8746
vn -0.0108 0.3127 0.9498
vn -0.4049 0.3376 -0.8497
vn -0.0520 0.3376 0.9398
vn -0.2415 0.3338 -0.9112
vn 0.1225 0.3338 0.9347
vn -0.4660 -0.8805 -0.0876
vn -0.3978 -0.8805 0.2579
vn -0.8557 -0.4733 -0.2092
vn -0.7122 -0.4733 0.5184
vn -0.5173 -0.8284 -0.2146
vn -0.3971 -0.8284 0.3950
vn -0.1803 -0.9515 -0.2492
vn -0.0722 -0.9515 0.2990
vn -0.2380 -0.9321 -0.2730
vn -0.1166 -0.9321 0.3429
vn -0.2486 -0.2083 -0.9459
vn 0.1292 -0.2083 0.9695
vn 0.0801 -0.5066 -0.8585
vn 0.4001 -0.5066 0.7638
vn -0.9806 -0.1158 -0.1581
vn -0.8472 -0.1158 0.5186
vn 0.2078 0.9644 -0.1636
vn 0.2543 0.9644 0.0724
vn -0.2063 0.9744 -0.0893
vn -0.1570 0.9744 0.1609
vn -0.7780 0.5947 -0.2025
vn -0.6429 0.5947 0.4827
vn -0.2225 0.8981 -0.3794
vn -0.0618 0.8981 0.4354
vn 0.6376 0.7036 -0.3138
vn 0.7090 0.7036 0.0483
vn 0.0406 0.7794 -0.6252
vn 0.2749 0.7794 0.5630
vn -0.3375 0.6806 -0.6503
vn -0.0653 0.6806 0.7297
vn -0.8323 0.2007 -0.5167
vn -0.5739 0.2007 0.7940
vn -0.8343 0.4342 -0.3398
vn -0.6428 0.4342 0.6311
vn -0.2971 0.7459 -0.5961
vn -0.0485 0.7459 0.6643
vn 0.0111 0.6788 -0.7342
vn 0.2890 0.6788 0.6751
vn 0.3911 0.3972 -0.8302
vn 0.6770 0.3972 0.6195
vn -0.2212 0.9261 -0.3057
vn -0.0886 0.9261 0.3668
vn 0.7280 0.5740 -0.3749
vn 0.8158 0.5740 0.0705
vn -0.9277 0.1046 0.3584
vn -0.9943 0.1046 0.0206
vn 0.3855 0.9150 -0.1193
vn 0.4020 0.9150 -0.0360
vn 0.9824 0.1847 -0.0290
vn 0.9199 0.1847 -0.3461
vn -0.1420 0.1973 -0.9700
vn 0.2369 0.1973 0.9513
vn 0.1189 0.0918 -0.9887
vn 0.4853 0.0918 0.8695
vn -0.2544 0.1905 -0.9481
vn 0.1246 0.1905 0.9737
vn -0.2972 0.0312 -0.9543
vn 0.0873 0.0312 0.9957
vn -0.0886 -0.7008 -0.7078
vn 0.1868 -0.7008 0.6884
vn 0.0110 -0.9243 -0.3815
vn 0.1551 -0.9243 0.3488
vn 0.1403 -0.8644 -0.4828
vn 0.3130 -0.8644 0.3934
vn 0.1186 -0.7578 -0.6416
vn 0.3533 -0.7578 0.5486
vn 0.0944 -0.6368 -0.7652
vn 0.3778 -0.6368 0.6721
vn 0.7861 -0.4499 -0.4238
vn 0.8882 -0.4499 0.0937
vn -0.8606 -0.3181 -0.3978
vn -0.6451 -0.3181 0.6948
vn -0.9003 -0.2807 -0.3325
vn -0.7067 -0.2807 0.6494
vn -0.4742 -0.8494 -0.2316
vn -0.3508 -0.8494 0.3943
vn -0.4133 -0.6356 -0.6521
vn -0.1348 -0.6356 0.7602
vn -0.8294 -0.4408 -0.3432
vn -0.6370 -0.4408 0.6324
vn 0.7717 0.3807 -0.5095
vn 0.9073 0.3807 0.1784
vn 0.7682 0.1715 -0.6168
vn 0.9449 0.1715 0.2790
vn 0.8922 0.1055 -0.4392
vn 0.9921 0.1055 0.0676
vn 0.9003 -0.0802 -0.4278
vn 0.9953 -0.0802 0.0540
vn 0.7771 -0.0599 -0.6265
vn 0.9568 -0.0599 0.2846
vn 0.5869 -0.3045 -0.7502
vn 0.8278 -0.3045 0.4712
vn 0.5042 0.6590 -0.5581
vn 0.6784 0.6590 0.3249
vn 0.5308 0.8309 0.1671
vn 0.4276 0.8309 -0.3561
vn 0.6618 0.2291 0.7138
vn 0.3412 0.2291 -0.9116
vn 0.8597 -0.3566 0.3656
vn 0.6565 -0.3566 -0.6646
vn 0.5863 -0.5665 -0.5790
vn 0.7623 -0.5665 0.3131
vn 0.4094 -0.4497 -0.7938
vn 0.6801 -0.4497 0.5790
vn -0.2502 -0.6827 -0.6866
vn 0.0292 -0.6827 0.7302
vn 0.9582 0.2860 0.0066
vn 0.8840 0.2860 -0.3699
vn -0.3759 -0.3734 -0.8481
vn -0.0258 -0.3734 0.9273
vn 0.9439 0.1551 -0.2915
vn 0.9839 0.1551 -0.0886
vn 0.3301 0.9318 -0.1508
vn 0.3626 0.9318 0.0142
vn 0.6203 -0.0883 -0.7794
vn 0.8698 -0.0883 0.4855
vn 0.6700 0.4740 -0.5714
vn 0.8367 0.4740 0.2742
vn 0.1843 -0.4847 -0.8550
vn 0.4951 -0.4847 0.7211
vn 0.5757 -0.4128 -0.7058
vn 0.8005 -0.4128 0.4344
vn 0.5550 -0.4305 -0.7118
vn 0.7837 -0.4305 0.4478
vn -0.2480 -0.1804 -0.9518
vn 0.1319 -0.1804 0.9747
vn -0.2914 -0.3965 -0.8706
vn 0.0609 -0.3965 0.9160
vn -0.2641 -0.0181 -0.9643
vn 0.1218 -0.0181 0.9924
vn 0.0473 -0.6543 -0.7547
vn 0.3303 -0.6543 0.6803
vn -0.0470 -0.6079 -0.7926
vn 0.2575 -0.6079 0.7511
vn -0.0210 -0.7022 -0.7116
vn 0.2507 -0.7022 0.6663
vn -0.0858 0.9816 -0.1707
vn -0.0145 0.9816 0.1905
vn -0.0550 0.3301 -0.9424
vn 0.3069 0.3301 0.8927
vn -0.0741 -0.7463 -0.6615
vn 0.1826 -0.7463 0.6401
vn 0.0769 0.9970 -0.0065
vn 0.0736 0.9970 -0.0232
vn 0.2084 -0.7061 -0.6768
vn 0.4497 -0.7061 0.5470
vn 0.2991 -0.8925 -0.3376
vn 0.4048 -0.8925 0.1987
vn -0.0547 -0.5080 0.8596
vn -0.3769 -0.5080 -0.7745
vn -0.3273 0.2377 0.9145
vn -0.6500 0.2377 -0.7218
vn -0.1397 0.7847 0.6039
vn -0.3585 0.7847 -0.5057
vn 0.0767 0.9962 0.0419
vn 0.0551 0.9962 -0.0679
vn 0.9426 0.0222 -0.3332
vn 0.9985 0.0222 -0.0496
vn 0.8615 0.0645 -0.5036
vn 0.9882 0.0645 0.1389
vn 0.8711 0.0232 -0.4905
vn 0.9921 0.0232 0.1230
vn 0.9332 0.0274 -0.3583
vn 0.9994 0.0274 -0.0228
vn 0.8086 0.2849 -0.5148
vn 0.9435 0.2849 0.1693
vn 0.8208 -0.0343 -0.5702
vn 0.9758 -0.0343 0.2159
vn 0.8965 -0.0603 -0.4389
vn 0.9960 -0.0603 0.0657
vn 0.9667 -0.0106 -0.2556
vn 0.9914 -0.0106 -0.1306
vn 0.6689 0.7039 0.2388
vn 0.5282 0.7039 -0.4749
vn 0.6394 0.0355 -0.7681
vn 0.8831 0.0355 0.4679
vn 0.7687 -0.2002 -0.6074
vn 0.9418 -0.2002 0.2701
vn 0.7209 -0.2141 -0.6591
vn 0.9172 -0.2141 0.3361
vn 0.6922 0.2619 -0.6725
vn 0.8957 0.2619 0.3593
vn 0.6860 0.5802 -0.4390
vn 0.8013 0.5802 0.1457
vn -0.0970 -0.9924 -0.0757
vn -0.0610 -0.9924 0.1069
vn -0.0890 -0.8657 -0.4927
vn 0.1047 -0.8657 0.4896
vn 0.0900 -0.2497 -0.9641
vn 0.4492 -0.2497 0.8578
vn -0.1994 0.5424 -0.8161
vn 0.1253 0.5424 0.8307
vn -0.2084 0.9367 0.2812
vn -0.2996 0.9367 -0.1810
vn -0.0391 0.8838 0.4663
vn -0.2132 0.8838 -0.4165
vn -0.7226 -0.0098 0.6912
vn -0.9309 -0.0098 -0.3652
vn -0.9258 -0.0241 0.3773
vn -0.9997 -0.0241 0.0024
vn -0.9751 0.0266 -0.2201
vn -0.8185 0.0266 0.5738
vn 0.1706 0.6231 0.7633
vn -0.1320 0.6231 -0.7709
vn -0.9038 -0.2063 -0.3750
vn -0.6938 -0.2063 0.6900
vn -0.2411 -0.9231 0.2997
vn -0.3368 -0.9231 -0.1857
vt 0.890955 0.590063
vt 0.870622 0.589649
vt 0.860081 0.560115
vt 0.904571 0.559404
vt 0.856226 0.850547
vt 0.868067 0.821510
vt 0.888398 0.821999
vt 0.900640 0.853232
vt 0.853018 0.521562
vt 0.920166 0.524546
vt 0.847458 0.888748
vt 0.914672 0.888748
vt 0.828900 0.590771
vt 0.798481 0.569535
vt 0.795104 0.838402
vt 0.826436 0.818537
vt 0.854402 0.604754
vt 0.852534 0.805700
vt 0.854107 0.625459
vt 0.828171 0.633354
vt 0.827598 0.775964
vt 0.853157 0.785002
vt 0.791018 0.645443
vt 0.791018 0.762238
vt 0.855181 0.668527
vt 0.842358 0.702491
vt 0.844839 0.707525
vt 0.856142 0.742025
vt 0.867508 0.642291
vt 0.867293 0.768782
vt 0.890474 0.641909
vt 0.900375 0.666964
vt 0.901223 0.745592
vt 0.890219 0.770183
vt 0.918898 0.699697
vt 0.921180 0.713713
vt 0.931889 0.636832
vt 0.968392 0.645333
vt 0.968213 0.770220
vt 0.931368 0.777093
vt 0.905882 0.627902
vt 0.904990 0.784860
vt 0.906232 0.605742
vt 0.933717 0.593037
vt 0.931250 0.820926
vt 0.904357 0.807013
vt 0.968392 0.573812
vt 0.965038 0.841671
vt 0.902359 0.607909
vt 0.889591 0.593275
vt 0.900583 0.804677
vt 0.887178 0.818729
vt 0.899781 0.626257
vt 0.898822 0.786233
vt 0.887842 0.636527
vt 0.887351 0.775442
vt 0.870908 0.635245
vt 0.870376 0.775972
vt 0.859881 0.623942
vt 0.858859 0.786774
vt 0.859664 0.608186
vt 0.857942 0.802505
vt 0.871664 0.593961
vt 0.869299 0.817249
vt 0.879400 0.616512
vt 0.878029 0.795063
vt 0.540260 0.053805
vt 0.536419 0.062072
vt 0.518925 0.059681
vt 0.518916 0.050294
vt 0.501452 0.062043
vt 0.497626 0.053770
vt 0.551930 0.058338
vt 0.542788 0.064089
vt 0.495083 0.064047
vt 0.485955 0.058273
vt 0.555073 0.061900
vt 0.546290 0.072669
vt 0.491565 0.072625
vt 0.482805 0.061829
vt 0.563812 0.076586
vt 0.548333 0.084893
vt 0.489507 0.084858
vt 0.474014 0.076511
vt 0.583135 0.108495
vt 0.555621 0.121749
vt 0.482177 0.121781
vt 0.454527 0.108481
vt 0.605512 0.165134
vt 0.647395 0.200502
vt 0.621513 0.227818
vt 0.553118 0.209599
vt 0.416514 0.229490
vt 0.389677 0.201890
vt 0.432024 0.165644
vt 0.485339 0.210053
vt 0.676379 0.233241
vt 0.664761 0.253225
vt 0.372747 0.256357
vt 0.360308 0.235899
vt 0.715342 0.265392
vt 0.683908 0.279995
vt 0.353696 0.284606
vt 0.320452 0.270303
vt 0.707254 0.310054
vt 0.687515 0.311539
vt 0.351187 0.317440
vt 0.330721 0.316853
vt 0.697446 0.332673
vt 0.676824 0.323937
vt 0.362723 0.329722
vt 0.341964 0.339667
vt 0.662817 0.372521
vt 0.639050 0.357330
vt 0.402772 0.362131
vt 0.379297 0.378686
vt 0.626842 0.395792
vt 0.618316 0.375151
vt 0.424583 0.379267
vt 0.416915 0.400552
vt 0.604826 0.397804
vt 0.600808 0.377857
vt 0.442396 0.381222
vt 0.439252 0.401540
vt 0.553095 0.390512
vt 0.559674 0.357011
vt 0.482938 0.358497
vt 0.490934 0.391862
vt 0.521923 0.386009
vt 0.521086 0.343868
vt 0.577279 0.340156
vt 0.599845 0.344815
vt 0.441977 0.347815
vt 0.464579 0.342230
vt 0.615546 0.342005
vt 0.425972 0.345582
vt 0.634472 0.332311
vt 0.406362 0.336480
vt 0.662406 0.312804
vt 0.377061 0.317685
vt 0.668440 0.297958
vt 0.370304 0.302644
vt 0.664101 0.277872
vt 0.374100 0.281778
vt 0.639236 0.253047
vt 0.398938 0.255633
vt 0.613992 0.242662
vt 0.424464 0.244473
vt 0.572941 0.258564
vt 0.466409 0.259709
vt 0.563905 0.272007
vt 0.519760 0.248864
vt 0.475886 0.273078
vt 0.558527 0.316594
vt 0.482619 0.317843
vt 0.520277 0.294764
vt 0.556923 0.291214
vt 0.483433 0.292249
vt 0.525483 0.068967
vt 0.518928 0.067899
vt 0.512375 0.068956
vt 0.531231 0.073829
vt 0.506626 0.073811
vt 0.531019 0.087431
vt 0.506827 0.087416
vt 0.532042 0.127713
vt 0.532669 0.090920
vt 0.505177 0.090908
vt 0.505828 0.127728
vt 0.538112 0.158382
vt 0.518981 0.151749
vt 0.518941 0.128358
vt 0.499851 0.158434
vt 0.518925 0.093952
vt 0.518927 0.085180
vt 0.548362 0.173560
vt 0.537959 0.175966
vt 0.535214 0.166808
vt 0.502799 0.166857
vt 0.500100 0.176033
vt 0.489683 0.173693
vt 0.544281 0.193366
vt 0.537248 0.187577
vt 0.500890 0.187571
vt 0.493996 0.193428
vt 0.519841 0.200843
vt 0.528757 0.191785
vt 0.509219 0.191626
vt 0.517577 0.190607
vt 0.519132 0.185382
vt 0.518998 0.159028
vt 0.531131 0.171631
vt 0.519016 0.165599
vt 0.506910 0.171667
vt 0.519099 0.179457
vt 0.528222 0.186316
vt 0.509787 0.186260
vt 0.533528 0.184215
vt 0.504547 0.184206
vt 0.533449 0.176739
vt 0.504604 0.176791
vt 0.561572 0.167779
vt 0.476363 0.167996
vt 0.559475 0.149319
vt 0.478371 0.149447
vt 0.596138 0.133426
vt 0.441395 0.133592
vt 0.601169 0.147885
vt 0.436337 0.148194
vt 0.518925 0.083865
vt 0.528933 0.084957
vt 0.508915 0.084945
vt 0.529036 0.075429
vt 0.508820 0.075415
vt 0.523751 0.070508
vt 0.514106 0.070501
vt 0.518929 0.069468
vt 0.521560 0.074970
vt 0.518928 0.074259
vt 0.516297 0.074966
vt 0.524236 0.076691
vt 0.513619 0.076684
vt 0.524601 0.079886
vt 0.513252 0.079879
vt 0.518926 0.079331
vt 0.571787 0.277295
vt 0.568351 0.292904
vt 0.468070 0.278617
vt 0.471978 0.294282
vt 0.573085 0.311386
vt 0.467790 0.313081
vt 0.584855 0.327708
vt 0.456477 0.329961
vt 0.580734 0.266620
vt 0.458737 0.268049
vt 0.611720 0.255725
vt 0.427062 0.257728
vt 0.632494 0.262853
vt 0.406068 0.265508
vt 0.653658 0.279971
vt 0.384904 0.283634
vt 0.656064 0.297636
vt 0.383015 0.301864
vt 0.652752 0.310186
vt 0.386858 0.314615
vt 0.629040 0.323864
vt 0.411556 0.327673
vt 0.614408 0.331972
vt 0.426727 0.335361
vt 0.601033 0.333624
vt 0.440344 0.336537
vt 0.590644 0.321516
vt 0.601799 0.328453
vt 0.450408 0.323919
vt 0.439372 0.331331
vt 0.613335 0.327083
vt 0.427623 0.330358
vt 0.626851 0.320513
vt 0.413648 0.324175
vt 0.646248 0.306421
vt 0.393381 0.310510
vt 0.649541 0.296225
vt 0.389662 0.300183
vt 0.647785 0.283486
vt 0.391040 0.287071
vt 0.629829 0.267263
vt 0.408893 0.269959
vt 0.612641 0.261560
vt 0.426254 0.263693
vt 0.585166 0.270991
vt 0.454369 0.272583
vt 0.578124 0.281900
vt 0.461798 0.283441
vt 0.579548 0.309340
vt 0.461204 0.311233
vt 0.577524 0.293776
vt 0.462754 0.295432
vt 0.553209 0.433063
vt 0.523031 0.433628
vt 0.492809 0.434538
vt 0.609819 0.431516
vt 0.435860 0.435740
vt 0.648174 0.419316
vt 0.396518 0.425416
vt 0.692106 0.388274
vt 0.350292 0.396229
vt 0.726332 0.341754
vt 0.312756 0.350588
vt 0.735879 0.312112
vt 0.301067 0.320593
vt 0.729900 0.256393
vt 0.304876 0.261087
vt 0.698172 0.216906
vt 0.337414 0.219179
vt 0.663103 0.190671
vt 0.373474 0.191872
vt 0.626908 0.015608
vt 0.649444 0.022378
vt 0.660451 0.076084
vt 0.621440 0.048089
vt 0.376796 0.075296
vt 0.388827 0.021586
vt 0.411318 0.015131
vt 0.416419 0.047631
vt 0.567460 0.000144
vt 0.577206 0.032801
vt 0.470636 0.000144
vt 0.460782 0.032656
vt 0.518922 0.024886
vt 0.547413 0.041724
vt 0.490511 0.041669
vt 0.558059 0.053871
vt 0.479842 0.053785
vt 0.576951 0.057998
vt 0.460920 0.057845
vt 0.611687 0.078268
vt 0.425932 0.077985
vt 0.626663 0.111357
vt 0.410618 0.111244
vt 0.629482 0.130456
vt 0.623495 0.146796
vt 0.413741 0.147158
vt 0.407648 0.130594
vt 0.619303 0.159841
vt 0.418035 0.160361
vt 0.945900 0.079569
vt 0.886245 0.121777
vt 0.849114 0.099732
vt 0.891780 0.036916
vt 0.183115 0.092127
vt 0.141314 0.112482
vt 0.078961 0.060719
vt 0.142277 0.021467
vt 0.788458 0.080826
vt 0.805584 0.010786
vt 0.246353 0.076510
vt 0.232648 0.003484
vt 0.687018 0.077204
vt 0.672384 0.022201
vt 0.349875 0.075955
vt 0.365979 0.020991
vt 0.760215 0.193244
vt 0.789046 0.233323
vt 0.271553 0.193871
vt 0.241255 0.236977
vt 0.994525 0.167705
vt 0.909112 0.183261
vt 0.107928 0.179083
vt 0.011829 0.155367
vt 0.911671 0.402429
vt 0.862868 0.338556
vt 0.894128 0.301884
vt 0.962901 0.344752
vt 0.123776 0.315519
vt 0.160557 0.356821
vt 0.106400 0.432652
vt 0.043968 0.367038
vt 0.915360 0.259804
vt 0.999856 0.254640
vt 0.098965 0.266968
vt 0.000144 0.259113
vt 0.749542 0.334683
vt 0.766337 0.300809
vt 0.789162 0.313727
vt 0.267408 0.310142
vt 0.288183 0.346496
vt 0.242992 0.325552
vt 0.815314 0.276388
vt 0.846174 0.293397
vt 0.213065 0.285164
vt 0.178537 0.304983
vt 0.845007 0.256352
vt 0.873517 0.265922
vt 0.179662 0.263312
vt 0.147089 0.274284
vt 0.859075 0.228168
vt 0.886999 0.233769
vt 0.162803 0.231720
vt 0.131514 0.237587
vt 0.842355 0.195160
vt 0.875030 0.184705
vt 0.145224 0.182749
vt 0.176788 0.196179
vt 0.794286 0.364062
vt 0.239776 0.382592
vt 0.770185 0.379538
vt 0.268122 0.398737
vt 0.845499 0.449967
vt 0.185281 0.484099
vt 0.815858 0.445381
vt 0.770572 0.444261
vt 0.755700 0.418603
vt 0.287033 0.442912
vt 0.271364 0.473316
vt 0.219260 0.477186
vt 0.819845 0.468071
vt 0.215894 0.503605
vt 0.809631 0.233887
vt 0.219168 0.237388
vt 0.829287 0.219562
vt 0.199067 0.222464
vt 0.786480 0.117591
vt 0.715482 0.139727
vt 0.246666 0.114850
vt 0.319538 0.139409
vt 0.785486 0.152330
vt 0.245969 0.151002
vt 0.837382 0.156361
vt 0.858171 0.137775
vt 0.171653 0.132294
vt 0.196622 0.155241
vt 0.506166 0.904851
vt 0.432388 0.894943
vt 0.438797 0.870229
vt 0.491058 0.881714
vt 0.315867 0.868209
vt 0.321637 0.893225
vt 0.247207 0.901159
vt 0.263032 0.878321
vt 0.572792 0.860484
vt 0.604825 0.879946
vt 0.181486 0.854693
vt 0.148729 0.873349
vt 0.586396 0.793977
vt 0.619962 0.791615
vt 0.169745 0.787474
vt 0.136063 0.784093
vt 0.549027 0.746412
vt 0.563786 0.739211
vt 0.208656 0.740879
vt 0.194086 0.733241
vt 0.500314 0.711729
vt 0.508270 0.697693
vt 0.258399 0.707497
vt 0.250811 0.693249
vt 0.438641 0.680683
vt 0.434803 0.658882
vt 0.320962 0.677959
vt 0.325318 0.656224
vt 0.505666 0.730944
vt 0.452955 0.700023
vt 0.306136 0.696976
vt 0.252524 0.726592
vt 0.542850 0.755753
vt 0.214575 0.750414
vt 0.568148 0.787367
vt 0.188269 0.781375
vt 0.555495 0.826352
vt 0.199850 0.820889
vt 0.501231 0.844356
vt 0.253846 0.840502
vt 0.457832 0.840040
vt 0.297562 0.837358
vt 0.796021 0.176969
vt 0.783193 0.187449
vt 0.233625 0.175620
vt 0.246955 0.187075
vt 0.391039 0.611891
vt 0.394766 0.686125
vt 0.369913 0.610196
vt 0.364838 0.684445
vt 0.391747 0.862097
vt 0.401605 0.841460
vt 0.354026 0.840297
vt 0.363377 0.861308
vt 0.435018 0.718280
vt 0.323658 0.715731
vt 0.433669 0.729661
vt 0.384658 0.710299
vt 0.374400 0.708969
vt 0.324726 0.727177
vt 0.410995 0.747662
vt 0.427812 0.742828
vt 0.347028 0.745816
vt 0.330270 0.740536
vt 0.418086 0.784946
vt 0.384657 0.795423
vt 0.372270 0.794472
vt 0.338952 0.783073
vt 0.431333 0.817535
vt 0.324790 0.815460
vt 0.816266 0.203086
vt 0.825107 0.209762
vt 0.199767 0.214827
vt 0.209828 0.206161
vt 0.802192 0.184609
vt 0.226485 0.183086
vt 0.448505 0.804621
vt 0.473386 0.824700
vt 0.307886 0.802031
vt 0.282357 0.821525
vt 0.435868 0.779569
vt 0.321237 0.777208
vt 0.423718 0.754191
vt 0.334089 0.752045
vt 0.437950 0.749777
vt 0.319919 0.747250
vt 0.445392 0.731997
vt 0.312907 0.729222
vt 0.440995 0.724383
vt 0.317510 0.721697
vt 0.455277 0.713731
vt 0.303460 0.710657
vt 0.512485 0.828811
vt 0.242975 0.824574
vt 0.550942 0.811814
vt 0.204839 0.806417
vt 0.552139 0.787682
vt 0.204331 0.782156
vt 0.539407 0.764539
vt 0.217774 0.759319
vt 0.508439 0.743135
vt 0.249419 0.738732
vt 0.470841 0.748408
vt 0.454776 0.761665
vt 0.286960 0.745020
vt 0.302729 0.758742
vt 0.488870 0.770464
vt 0.475403 0.783904
vt 0.268291 0.766661
vt 0.281439 0.780511
vt 0.503673 0.787562
vt 0.494476 0.802470
vt 0.252972 0.783410
vt 0.261790 0.798626
vt 0.518562 0.791602
vt 0.516802 0.807339
vt 0.237920 0.787045
vt 0.239243 0.802891
vt 0.484068 0.628776
vt 0.543385 0.683538
vt 0.276936 0.625067
vt 0.216123 0.678120
vt 0.581052 0.726933
vt 0.177176 0.720426
vt 0.616701 0.759965
vt 0.140379 0.752377
vt 0.707492 0.759884
vt 0.660647 0.741167
vt 0.049526 0.748824
vt 0.097038 0.732052
vt 0.745511 0.652100
vt 0.677256 0.670436
vt 0.019409 0.639749
vt 0.083564 0.662038
vt 0.740843 0.572428
vt 0.671403 0.592656
vt 0.033664 0.564403
vt 0.092820 0.589862
vt 0.834578 0.206879
vt 0.834705 0.206959
vt 0.051216 0.522659
vt 0.145041 0.562595
vt 0.620420 0.565675
vt 0.498072 0.552315
vt 0.264218 0.550140
s 0
f 67/21/6 21/22/6 23/23/6 65/24/6
f 24/25/7 22/26/7 68/27/7 66/28/7
f 65/24/8 23/23/8 25/29/8 63/30/8
f 26/31/9 24/25/9 66/28/9 64/32/9
f 23/23/10 29/33/10 27/34/10 25/29/10
f 28/35/11 30/36/11 24/25/11 26/31/11
f 21/22/12 31/37/12 29/33/12 23/23/12
f 30/36/13 32/38/13 22/26/13 24/25/13
f 31/37/14 33/39/14 35/40/14 29/33/14
f 36/41/15 34/42/15 32/38/15 30/36/15
f 29/33/16 35/40/16 37/43/16 27/34/16
f 38/44/17 36/41/17 30/36/17 28/35/17
f 35/40/18 41/45/18 39/46/18 37/43/18
f 40/47/19 42/48/19 36/41/19 38/44/19
f 33/39/20 43/49/20 41/45/20 35/40/20
f 42/48/21 44/50/21 34/42/21 36/41/21
f 43/49/22 45/51/22 47/52/22 41/45/22
f 48/53/23 46/54/23 44/50/23 42/48/23
f 41/45/24 47/52/24 49/55/24 39/46/24
f 50/56/25 48/53/25 42/48/25 40/47/25
f 47/52/26 53/57/26 51/58/26 49/55/26
f 52/59/27 54/60/27 48/53/27 50/56/27
f 45/51/28 55/61/28 53/57/28 47/52/28
f 54/60/29 56/62/29 46/54/29 48/53/29
f 55/61/30 57/63/30 59/64/30 53/57/30
f 60/65/31 58/66/31 56/62/31 54/60/31
f 53/57/32 59/64/32 61/67/32 51/58/32
f 62/68/33 60/65/33 54/60/33 52/59/33
f 59/64/34 65/24/34 63/30/34 61/67/34
f 64/32/35 66/28/35 60/65/35 62/68/35
f 57/63/36 67/21/36 65/24/36 59/64/36
f 66/28/37 68/27/37 58/66/37 60/65/37
f 67/21/38 57/63/38 71/69/38 69/70/38
f 72/71/39 58/66/39 68/27/39 70/72/39
f 57/63/40 55/61/40 73/73/40 71/69/40
f 74/74/41 56/62/41 58/66/41 72/71/41
f 55/61/42 45/51/42 75/75/42 73/73/42
f 76/76/43 46/54/43 56/62/43 74/74/43
f 45/51/44 43/49/44 77/77/44 75/75/44
f 78/78/45 44/50/45 46/54/45 76/76/45
f 43/49/46 33/39/46 79/79/46 77/77/46
f 80/80/47 34/42/47 44/50/47 78/78/47
f 33/39/48 31/37/48 83/81/48 79/79/48
f 84/82/49 32/38/49 34/42/49 80/80/49
f 31/37/50 21/22/50 85/83/50 83/81/50
f 86/84/51 22/26/51 32/38/51 84/82/51
f 21/22/52 67/21/52 69/70/52 85/83/52
f 70/72/53 68/27/53 22/26/53 86/84/53
f 81/85/54 85/83/54 69/70/54
f 70/72/55 86/84/55 82/86/55
f 83/81/56 85/83/56 81/85/56
f 82/86/57 86/84/57 84/82/57
f 81/85/58 79/79/58 83/81/58
f 84/82/59 80/80/59 82/86/59
f 81/85/60 77/77/60 79/79/60
f 80/80/61 78/78/61 82/86/61
f 81/85/62 75/75/62 77/77/62
f 78/78/63 76/76/63 82/86/63
f 81/85/64 73/73/64 75/75/64
f 76/76/65 74/74/65 82/86/65
f 81/85/66 71/69/66 73/73/66
f 74/74/67 72/71/67 82/86/67
f 81/85/68 69/70/68 71/69/68
f 72/71/69 70/72/69 82/86/69
f 109/87/70 194/88/70 196/89/70 111/90/70
f 196/89/71 195/91/71 110/92/71 111/90/71
f 107/93/72 192/94/72 194/88/72 109/87/72
f 195/91/73 193/95/73 108/96/73 110/92/73
f 105/97/74 190/98/74 192/94/74 107/93/74
f 193/95/75 191/99/75 106/100/75 108/96/75
f 103/101/76 188/102/76 190/98/76 105/97/76
f 191/99/77 189/103/77 104/104/77 106/100/77
f 101/105/78 186/106/78 188/102/78 103/101/78
f 189/103/79 187/107/79 102/108/79 104/104/79
f 99/109/80 112/110/80 166/111/80 184/112/80
f 167/113/81 113/114/81 100/115/81 185/116/81
f 112/110/82 114/117/82 168/118/82 166/111/82
f 169/119/83 115/120/83 113/114/83 167/113/83
f 114/117/84 116/121/84 170/122/84 168/118/84
f 171/123/85 117/124/85 115/120/85 169/119/85
f 116/121/86 118/125/86 172/126/86 170/122/86
f 173/127/87 119/128/87 117/124/87 171/123/87
f 118/125/88 120/129/88 174/130/88 172/126/88
f 175/131/89 121/132/89 119/128/89 173/127/89
f 120/129/90 122/133/90 176/134/90 174/130/90
f 177/135/91 123/136/91 121/132/91 175/131/91
f 122/133/92 124/137/92 178/138/92 176/134/92
f 179/139/93 125/140/93 123/136/93 177/135/93
f 124/137/94 126/141/94 180/142/94 178/138/94
f 181/143/95 127/144/95 125/140/95 179/139/95
f 126/141/96 128/145/96 182/146/96 180/142/96
f 183/147/97 129/148/97 127/144/97 181/143/97
f 128/145/98 87/149/98 88/150/98 182/146/98
f 88/150/99 87/149/99 129/148/99 183/147/99
f 130/151/100 148/152/100 180/142/100 182/146/100
f 181/143/101 149/153/101 131/154/101 183/147/101
f 148/152/102 199/155/102 178/138/102 180/142/102
f 179/139/103 200/156/103 149/153/103 181/143/103
f 146/157/104 176/134/104 178/138/104 199/155/104
f 179/139/105 177/135/105 147/158/105 200/156/105
f 144/159/106 174/130/106 176/134/106 146/157/106
f 177/135/107 175/131/107 145/160/107 147/158/107
f 142/161/108 172/126/108 174/130/108 144/159/108
f 175/131/109 173/127/109 143/162/109 145/160/109
f 140/163/110 170/122/110 172/126/110 142/161/110
f 173/127/111 171/123/111 141/164/111 143/162/111
f 138/165/112 168/118/112 170/122/112 140/163/112
f 171/123/113 169/119/113 139/166/113 141/164/113
f 136/167/114 166/111/114 168/118/114 138/165/114
f 169/119/115 167/113/115 137/168/115 139/166/115
f 134/169/116 184/112/116 166/111/116 136/167/116
f 167/113/117 185/116/117 135/170/117 137/168/117
f 134/169/118 201/171/118 197/172/118 184/112/118
f 197/172/119 202/173/119 135/170/119 185/116/119
f 130/151/120 182/146/120 88/150/120 132/174/120
f 88/150/121 183/147/121 131/154/121 133/175/121
f 132/174/122 88/150/122 198/176/122 203/177/122
f 198/176/123 88/150/123 133/175/123 204/178/123
f 197/172/124 201/171/124 203/177/124 198/176/124
f 204/178/125 202/173/125 197/172/125 198/176/125
f 155/179/126 157/180/126 196/89/126 194/88/126
f 196/89/127 157/180/127 156/181/127 195/91/127
f 153/182/128 155/179/128 194/88/128 192/94/128
f 195/91/129 156/181/129 154/183/129 193/95/129
f 151/184/130 153/182/130 192/94/130 190/98/130
f 193/95/131 154/183/131 152/185/131 191/99/131
f 186/106/132 207/186/132 205/187/132 188/102/132
f 206/188/133 208/189/133 187/107/133 189/103/133
f 151/184/134 190/98/134 188/102/134 205/187/134
f 189/103/135 191/99/135 152/185/135 206/188/135
f 164/190/136 210/191/136 209/192/136 207/186/136
f 209/192/137 210/191/137 165/193/137 208/189/137
f 205/187/138 207/186/138 209/192/138 89/194/138
f 209/192/139 208/189/139 206/188/139 89/194/139
f 150/195/140 151/184/140 205/187/140 89/194/140
f 206/188/140 152/185/140 150/195/140 89/194/140
f 162/196/141 213/197/141 211/198/141 164/190/141
f 212/199/142 214/200/142 163/201/142 165/193/142
f 160/202/143 215/203/143 213/197/143 162/196/143
f 214/200/144 216/204/144 161/205/144 163/201/144
f 159/206/145 217/207/145 215/203/145 160/202/145
f 216/204/146 218/208/146 159/206/146 161/205/146
f 158/209/147 91/210/147 217/207/147 159/206/147
f 218/208/148 91/210/148 158/209/148 159/206/148
f 210/191/149 164/190/149 211/198/149 90/211/149
f 212/199/150 165/193/150 210/191/150 90/211/150
f 90/211/151 211/198/151 226/212/151 228/213/151
f 227/214/152 212/199/152 90/211/152 228/213/152
f 91/210/153 219/215/153 220/216/153 217/207/153
f 221/217/154 219/215/154 91/210/154 218/208/154
f 217/207/155 220/216/155 222/218/155 215/203/155
f 223/219/156 221/217/156 218/208/156 216/204/156
f 215/203/157 222/218/157 224/220/157 213/197/157
f 225/221/158 223/219/158 216/204/158 214/200/158
f 213/197/159 224/220/159 226/212/159 211/198/159
f 227/214/160 225/221/160 214/200/160 212/199/160
f 219/215/161 224/220/161 222/218/161 220/216/161
f 223/219/162 225/221/162 219/215/162 221/217/162
f 219/215/163 228/213/163 226/212/163 224/220/163
f 227/214/164 228/213/164 219/215/164 225/221/164
f 159/206/165 160/202/165 184/112/165 197/172/165
f 185/116/166 161/205/166 159/206/166 197/172/166
f 160/202/167 162/196/167 231/222/167 184/112/167
f 232/223/168 163/201/168 161/205/168 185/116/168
f 162/196/169 164/190/169 233/224/169 231/222/169
f 234/225/170 165/193/170 163/201/170 232/223/170
f 164/190/171 207/186/171 186/106/171 233/224/171
f 187/107/172 208/189/172 165/193/172 234/225/172
f 101/105/173 229/226/173 233/224/173 186/106/173
f 234/225/174 230/227/174 102/108/174 187/107/174
f 229/226/175 235/228/175 231/222/175 233/224/175
f 232/223/176 236/229/176 230/227/176 234/225/176
f 99/109/177 184/112/177 231/222/177 235/228/177
f 232/223/178 185/116/178 100/115/178 236/229/178
f 151/184/179 150/195/179 92/230/179 242/231/179
f 92/230/180 150/195/180 152/185/180 243/232/180
f 153/182/181 151/184/181 242/231/181 240/233/181
f 243/232/182 152/185/182 154/183/182 241/234/182
f 155/179/183 153/182/183 240/233/183 238/235/183
f 241/234/184 154/183/184 156/181/184 239/236/184
f 157/180/185 155/179/185 238/235/185 237/237/185
f 239/236/186 156/181/186 157/180/186 237/237/186
f 237/237/187 238/235/187 249/238/187 251/239/187
f 250/240/188 239/236/188 237/237/188 251/239/188
f 238/235/189 240/233/189 247/241/189 249/238/189
f 248/242/190 241/234/190 239/236/190 250/240/190
f 240/233/191 242/231/191 245/243/191 247/241/191
f 246/244/192 243/232/192 241/234/192 248/242/192
f 242/231/193 92/230/193 244/245/193 245/243/193
f 244/245/194 92/230/194 243/232/194 246/244/194
f 244/245/195 251/239/195 249/238/195 245/243/195
f 250/240/196 251/239/196 244/245/196 246/244/196
f 245/243/197 249/238/197 247/241/197
f 248/242/198 250/240/198 246/244/198
f 203/177/199 201/171/199 254/246/199 252/247/199
f 255/248/200 202/173/200 204/178/200 253/249/200
f 132/174/201 203/177/201 252/247/201 274/250/201
f 253/249/202 204/178/202 133/175/202 275/251/202
f 130/151/203 132/174/203 274/250/203 276/252/203
f 275/251/204 133/175/204 131/154/204 277/253/204
f 201/171/205 134/169/205 272/254/205 254/246/205
f 273/255/206 135/170/206 202/173/206 255/248/206
f 134/169/207 136/167/207 270/256/207 272/254/207
f 271/257/208 137/168/208 135/170/208 273/255/208
f 136/167/209 138/165/209 268/258/209 270/256/209
f 269/259/210 139/166/210 137/168/210 271/257/210
f 138/165/211 140/163/211 266/260/211 268/258/211
f 267/261/212 141/164/212 139/166/212 269/259/212
f 140/163/213 142/161/213 264/262/213 266/260/213
f 265/263/214 143/162/214 141/164/214 267/261/214
f 142/161/215 144/159/215 262/264/215 264/262/215
f 263/265/216 145/160/216 143/162/216 265/263/216
f 144/159/217 146/157/217 260/266/217 262/264/217
f 261/267/218 147/158/218 145/160/218 263/265/218
f 146/157/219 199/155/219 256/268/219 260/266/219
f 257/269/220 200/156/220 147/158/220 261/267/220
f 199/155/221 148/152/221 258/270/221 256/268/221
f 259/271/222 149/153/222 200/156/222 257/269/222
f 148/152/223 130/151/223 276/252/223 258/270/223
f 277/253/224 131/154/224 149/153/224 259/271/224
f 258/270/225 276/252/225 278/272/225 296/273/225
f 279/274/226 277/253/226 259/271/226 297/275/226
f 256/268/227 258/270/227 296/273/227 298/276/227
f 297/275/228 259/271/228 257/269/228 299/277/228
f 260/266/229 256/268/229 298/276/229 294/278/229
f 299/277/230 257/269/230 261/267/230 295/279/230
f 262/264/231 260/266/231 294/278/231 292/280/231
f 295/279/232 261/267/232 263/265/232 293/281/232
f 264/262/233 262/264/233 292/280/233 290/282/233
f 293/281/234 263/265/234 265/263/234 291/283/234
f 266/260/235 264/262/235 290/282/235 288/284/235
f 291/283/236 265/263/236 267/261/236 289/285/236
f 268/258/237 266/260/237 288/284/237 286/286/237
f 289/285/238 267/261/238 269/259/238 287/287/238
f 270/256/239 268/258/239 286/286/239 284/288/239
f 287/287/240 269/259/240 271/257/240 285/289/240
f 272/254/241 270/256/241 284/288/241 282/290/241
f 285/289/242 271/257/242 273/255/242 283/291/242
f 254/246/243 272/254/243 282/290/243 300/292/243
f 283/291/244 273/255/244 255/248/244 301/293/244
f 276/252/245 274/250/245 280/294/245 278/272/245
f 281/295/246 275/251/246 277/253/246 279/274/246
f 274/250/247 252/247/247 302/296/247 280/294/247
f 303/297/248 253/249/248 275/251/248 281/295/248
f 252/247/249 254/246/249 300/292/249 302/296/249
f 301/293/250 255/248/250 253/249/250 303/297/250
f 87/149/251 128/145/251 304/298/251 93/299/251
f 305/300/252 129/148/252 87/149/252 93/299/252
f 128/145/253 126/141/253 306/301/253 304/298/253
f 307/302/254 127/144/254 129/148/254 305/300/254
f 126/141/255 124/137/255 308/303/255 306/301/255
f 309/304/256 125/140/256 127/144/256 307/302/256
f 124/137/257 122/133/257 310/305/257 308/303/257
f 311/306/258 123/136/258 125/140/258 309/304/258
f 122/133/259 120/129/259 312/307/259 310/305/259
f 313/308/260 121/132/260 123/136/260 311/306/260
f 120/129/261 118/125/261 314/309/261 312/307/261
f 315/310/262 119/128/262 121/132/262 313/308/262
f 118/125/263 116/121/263 316/311/263 314/309/263
f 317/312/264 117/124/264 119/128/264 315/310/264
f 116/121/265 114/117/265 318/313/265 316/311/265
f 319/314/266 115/120/266 117/124/266 317/312/266
f 114/117/267 112/110/267 320/315/267 318/313/267
f 321/316/268 113/114/268 115/120/268 319/314/268
f 328/317/269 329/318/269 348/319/269 358/320/269
f 349/321/270 329/322/270 328/323/270 359/324/270
f 327/325/271 328/317/271 358/320/271 356/326/271
f 359/324/272 328/323/272 327/327/272 357/328/272
f 326/329/273 327/325/273 356/326/273 360/330/273
f 357/328/274 327/327/274 326/329/274 361/331/274
f 109/87/275 111/90/275 326/329/275 360/330/275
f 326/329/276 111/90/276 110/92/276 361/331/276
f 107/93/277 109/87/277 360/330/277 354/332/277
f 361/331/278 110/92/278 108/96/278 355/333/278
f 105/97/279 107/93/279 354/332/279 350/334/279
f 355/333/280 108/96/280 106/100/280 351/335/280
f 103/101/281 105/97/281 350/334/281 352/336/281
f 351/335/282 106/100/282 104/104/282 353/337/282
f 350/334/283 356/326/283 358/320/283 352/336/283
f 359/324/284 357/328/284 351/335/284 353/337/284
f 350/334/285 354/332/285 360/330/285 356/326/285
f 361/331/286 355/333/286 351/335/286 357/328/286
f 346/338/287 352/336/287 358/320/287 348/319/287
f 359/324/288 353/337/288 347/339/288 349/321/288
f 101/105/289 103/101/289 352/336/289 346/338/289
f 353/337/290 104/104/290 102/108/290 347/339/290
f 229/226/291 362/340/291 364/341/291 235/228/291
f 365/342/292 363/343/292 230/227/292 236/229/292
f 101/105/293 346/338/293 362/340/293 229/226/293
f 363/343/294 347/339/294 102/108/294 230/227/294
f 99/109/295 235/228/295 364/341/295 366/344/295
f 365/342/296 236/229/296 100/115/296 367/345/296
f 99/109/297 366/344/297 320/315/297 112/110/297
f 321/316/298 367/345/298 100/115/298 113/114/298
f 97/346/299 344/347/299 372/348/299 324/349/299
f 373/350/300 345/351/300 97/352/300 324/353/300
f 324/349/301 372/348/301 370/354/301 98/355/301
f 371/356/302 373/350/302 324/353/302 98/357/302
f 98/355/303 370/354/303 368/358/303 325/359/303
f 369/360/304 371/356/304 98/357/304 325/361/304
f 325/359/305 368/358/305 348/319/305 329/318/305
f 349/321/306 369/360/306 325/361/306 329/322/306
f 346/338/307 348/319/307 368/358/307 362/340/307
f 369/360/308 349/321/308 347/339/308 363/343/308
f 316/311/309 318/313/309 338/362/309 330/363/309
f 339/364/310 319/314/310 317/312/310 331/365/310
f 96/366/311 336/367/311 344/347/311 97/346/311
f 345/351/312 337/368/312 96/369/312 97/352/312
f 322/370/313 378/371/313 376/372/313 323/373/313
f 377/374/314 379/375/314 322/376/314 323/377/314
f 323/373/315 376/372/315 374/378/315 95/379/315
f 375/380/316 377/374/316 323/377/316 95/381/316
f 95/379/317 374/378/317 336/367/317 96/366/317
f 337/368/318 375/380/318 95/381/318 96/369/318
f 312/382/319 314/309/319 382/383/319 384/384/319
f 383/385/320 315/310/320 313/386/320 385/387/320
f 384/384/321 382/383/321 388/388/321 386/389/321
f 389/390/322 383/385/322 385/387/322 387/391/322
f 386/389/323 388/388/323 390/392/323 392/393/323
f 391/394/324 389/390/324 387/391/324 393/395/324
f 392/393/325 390/392/325 396/396/325 394/397/325
f 397/398/326 391/394/326 393/395/326 395/399/326
f 334/400/327 398/401/327 394/397/327 396/396/327
f 395/399/328 399/402/328 335/403/328 397/398/328
f 336/367/329 374/378/329 394/397/329 398/401/329
f 395/399/330 375/380/330 337/368/330 399/402/330
f 374/378/331 376/372/331 392/393/331 394/397/331
f 393/395/332 377/374/332 375/380/332 395/399/332
f 376/372/333 378/371/333 386/389/333 392/393/333
f 387/391/334 379/375/334 377/374/334 393/395/334
f 378/371/335 380/404/335 384/384/335 386/389/335
f 385/387/336 381/405/336 379/375/336 387/391/336
f 310/406/337 312/382/337 384/384/337 380/404/337
f 385/387/338 313/386/338 311/407/338 381/405/338
f 94/408/339 380/404/339 378/371/339 322/370/339
f 379/375/340 381/405/340 94/409/340 322/376/340
f 304/410/341 306/411/341 308/412/341 310/406/341
f 309/413/342 307/414/342 305/415/342 311/407/342
f 304/410/343 310/406/343 380/404/343 94/408/343
f 381/405/344 311/407/344 305/415/344 94/409/344
f 93/416/345 304/410/345 94/408/345
f 94/409/346 305/415/346 93/417/346
f 314/309/347 316/311/347 330/363/347 382/383/347
f 331/365/348 317/312/348 315/310/348 383/385/348
f 330/363/349 332/418/349 388/388/349 382/383/349
f 389/390/350 333/419/350 331/365/350 383/385/350
f 332/418/351 402/420/351 390/392/351 388/388/351
f 391/394/352 403/421/352 333/419/352 389/390/352
f 334/400/353 396/396/353 390/392/353 402/420/353
f 391/394/354 397/398/354 335/403/354 403/421/354
f 368/358/355 370/354/355 406/422/355 404/423/355
f 407/424/356 371/356/356 369/360/356 405/425/356
f 338/362/357 404/423/357 406/422/357 340/426/357
f 407/424/358 405/425/358 339/364/358 341/427/358
f 318/313/359 320/315/359 404/423/359 338/362/359
f 405/425/360 321/316/360 319/314/360 339/364/360
f 320/315/361 364/341/361 362/340/361 404/423/361
f 363/343/362 365/342/362 321/316/362 405/425/362
f 362/340/363 368/358/363 404/423/363
f 405/425/364 369/360/364 363/343/364
f 320/315/365 366/344/365 364/341/365
f 365/342/366 367/345/366 321/316/366
f 334/400/367 342/428/367 400/429/367 398/401/367
f 401/430/368 343/431/368 335/403/368 399/402/368
f 336/367/369 398/401/369 400/429/369 344/347/369
f 401/430/370 399/402/370 337/368/370 345/351/370
f 340/426/371 406/422/371 400/429/371 342/428/371
f 401/430/372 407/424/372 341/427/372 343/431/372
f 370/354/373 372/348/373 400/429/373 406/422/373
f 401/430/374 373/350/374 371/356/374 407/424/374
f 344/347/375 400/429/375 372/348/375
f 373/350/376 401/430/376 345/351/376
f 420/432/377 408/433/377 434/434/377 422/435/377
f 435/436/378 409/437/378 421/438/378 423/439/378
f 420/432/379 422/435/379 424/440/379 418/441/379
f 425/442/380 423/439/380 421/438/380 419/443/380
f 418/441/381 424/440/381 426/444/381 416/445/381
f 427/446/382 425/442/382 419/443/382 417/447/382
f 416/445/383 426/444/383 428/448/383 414/449/383
f 429/450/384 427/446/384 417/447/384 415/451/384
f 414/449/385 428/448/385 430/452/385 412/453/385
f 431/454/386 429/450/386 415/451/386 413/455/386
f 412/453/387 430/452/387 432/456/387 410/457/387
f 433/458/388 431/454/388 413/455/388 411/459/388
f 430/452/389 440/460/389 438/461/389 432/456/389
f 439/462/390 441/463/390 431/454/390 433/458/390
f 428/448/391 442/464/391 440/460/391 430/452/391
f 441/463/392 443/465/392 429/450/392 431/454/392
f 426/444/393 444/466/393 442/464/393 428/448/393
f 443/465/394 445/467/394 427/446/394 429/450/394
f 424/440/395 446/468/395 444/466/395 426/444/395
f 445/467/396 447/469/396 425/442/396 427/446/396
f 422/435/397 448/470/397 446/468/397 424/440/397
f 447/469/398 449/471/398 423/439/398 425/442/398
f 422/435/399 434/434/399 436/472/399 448/470/399
f 437/473/400 435/436/400 423/439/400 449/471/400
f 338/362/401 340/426/401 464/474/401 462/475/401
f 465/476/402 341/427/402 339/364/402 463/477/402
f 340/478/403 410/457/403 432/456/403 464/479/403
f 433/458/404 411/459/404 341/480/404 465/481/404
f 330/363/405 338/362/405 462/475/405 332/418/405
f 463/477/406 339/364/406 331/365/406 333/419/406
f 402/482/407 450/483/407 434/434/407 408/433/407
f 435/436/408 451/484/408 403/485/408 409/437/408
f 432/456/409 438/461/409 460/486/409 464/479/409
f 461/487/410 439/462/410 433/458/410 465/481/410
f 458/488/411 466/489/411 464/479/411 460/486/411
f 465/481/412 467/490/412 459/491/412 461/487/412
f 454/492/413 466/489/413 458/488/413 456/493/413
f 459/491/414 467/490/414 455/494/414 457/495/414
f 452/496/415 468/497/415 466/489/415 454/492/415
f 467/490/416 469/498/416 453/499/416 455/494/416
f 450/483/417 468/497/417 452/496/417 470/500/417
f 453/499/418 469/498/418 451/484/418 471/501/418
f 434/434/419 450/483/419 470/500/419 436/472/419
f 471/501/420 451/484/420 435/436/420 437/473/420
f 332/418/421 468/502/421 450/503/421 402/420/421
f 451/504/422 469/505/422 333/419/422 403/421/422
f 332/418/423 462/475/423 466/506/423 468/502/423
f 467/507/424 463/477/424 333/419/424 469/505/424
f 462/475/425 464/474/425 466/506/425
f 467/507/426 465/476/426 463/477/426
f 436/472/427 470/500/427 472/508/427 496/509/427
f 473/510/428 471/501/428 437/473/428 497/511/428
f 470/500/429 452/496/429 482/512/429 472/508/429
f 483/513/430 453/499/430 471/501/430 473/510/430
f 452/496/431 454/492/431 480/514/431 482/512/431
f 481/515/432 455/494/432 453/499/432 483/513/432
f 454/492/433 456/493/433 478/516/433 480/514/433
f 479/517/434 457/495/434 455/494/434 481/515/434
f 456/493/435 458/488/435 476/518/435 478/516/435
f 477/519/436 459/491/436 457/495/436 479/517/436
f 458/488/437 460/486/437 474/520/437 476/518/437
f 475/521/438 461/487/438 459/491/438 477/519/438
f 460/486/439 438/461/439 494/522/439 474/520/439
f 495/523/440 439/462/440 461/487/440 475/521/440
f 448/470/441 436/472/441 496/509/441 484/524/441
f 497/511/442 437/473/442 449/471/442 485/525/442
f 446/468/443 448/470/443 484/524/443 486/526/443
f 485/525/444 449/471/444 447/469/444 487/527/444
f 444/466/445 446/468/445 486/526/445 488/528/445
f 487/527/446 447/469/446 445/467/446 489/529/446
f 442/464/447 444/466/447 488/528/447 490/530/447
f 489/529/448 445/467/448 443/465/448 491/531/448
f 440/460/449 442/464/449 490/530/449 492/532/449
f 491/531/450 443/465/450 441/463/450 493/533/450
f 438/461/451 440/460/451 492/532/451 494/522/451
f 493/533/452 441/463/452 439/462/452 495/523/452
f 478/516/453 476/518/453 500/534/453 498/535/453
f 501/536/454 477/519/454 479/517/454 499/537/454
f 498/535/455 500/534/455 502/538/455 504/539/455
f 503/540/456 501/536/456 499/537/456 505/541/456
f 504/539/457 502/538/457 508/542/457 506/543/457
f 509/544/458 503/540/458 505/541/458 507/545/458
f 506/543/459 508/542/459 510/546/459 512/547/459
f 511/548/460 509/544/460 507/545/460 513/549/460
f 484/524/461 496/509/461 506/543/461 512/547/461
f 507/545/462 497/511/462 485/525/462 513/549/462
f 472/508/463 504/539/463 506/543/463 496/509/463
f 507/545/464 505/541/464 473/510/464 497/511/464
f 472/508/465 482/512/465 498/535/465 504/539/465
f 499/537/466 483/513/466 473/510/466 505/541/466
f 478/516/467 498/535/467 482/512/467 480/514/467
f 483/513/468 499/537/468 479/517/468 481/515/468
f 474/520/469 494/522/469 500/534/469 476/518/469
f 501/536/470 495/523/470 475/521/470 477/519/470
f 492/532/471 502/538/471 500/534/471 494/522/471
f 501/536/472 503/540/472 493/533/472 495/523/472
f 490/530/473 508/542/473 502/538/473 492/532/473
f 503/540/474 509/544/474 491/531/474 493/533/474
f 488/528/475 510/546/475 508/542/475 490/530/475
f 509/544/476 511/548/476 489/529/476 491/531/476
f 486/526/477 512/547/477 510/546/477 488/528/477
f 511/548/478 513/549/478 487/527/478 489/529/478
f 484/524/479 512/547/479 486/526/479
f 487/527/480 513/549/480 485/525/480
f 412/453/481 410/457/481 524/550/481 522/551/481
f 525/552/482 411/459/482 413/455/482 523/553/482
f 414/449/483 412/453/483 522/551/483 520/554/483
f 523/553/484 413/455/484 415/451/484 521/555/484
f 416/445/485 414/449/485 520/554/485 518/556/485
f 521/555/486 415/451/486 417/447/486 519/557/486
f 418/558/487 416/445/487 518/556/487 516/559/487
f 519/557/488 417/447/488 419/560/488 517/561/488
f 420/562/489 418/558/489 516/559/489 514/563/489
f 517/561/490 419/560/490 421/564/490 515/565/490
f 408/566/491 420/562/491 514/563/491 526/567/491
f 515/565/492 421/564/492 409/568/492 527/569/492
f 514/563/493 522/551/493 524/550/493 526/567/493
f 525/552/494 523/553/494 515/565/494 527/569/494
f 514/563/495 516/559/495 520/554/495 522/551/495
f 521/555/496 517/561/496 515/565/496 523/553/496
f 516/559/497 518/556/497 520/554/497
f 521/555/498 519/557/498 517/561/498
f 334/400/499 402/420/499 408/570/499 526/571/499
f 409/568/500 403/572/500 335/573/500 527/569/500
f 334/574/501 526/567/501 524/550/501 342/575/501
f 525/552/502 527/569/502 335/573/502 343/576/502
f 340/478/503 342/575/503 524/550/503 410/457/503
f 525/552/504 343/576/504 341/480/504 411/459/504
o 棱角球
v 0.387977 -0.000803 0.569996
v 0.625698 0.180798 0.742708
v 0.297177 0.180798 0.849453
v 0.094138 0.180799 0.569996
v 0.297177 0.180798 0.290538
v 0.625698 0.180798 0.397283
v 0.478776 0.474642 0.849453
v 0.150255 0.474642 0.742708
v 0.150255 0.474642 0.397283
v 0.478776 0.474642 0.290538
v 0.681816 0.474640 0.569996
v 0.387977 0.656242 0.569996
v 0.303239 0.146807 0.830797
v 0.311490 0.111710 0.805403
v 0.322046 0.077910 0.772913
v 0.334606 0.048261 0.734256
v 0.348418 0.025165 0.691746
v 0.362481 0.009727 0.648464
v 0.375871 0.001541 0.607253
v 0.419669 0.001541 0.593022
v 0.454726 0.009727 0.618492
v 0.491544 0.025165 0.645241
v 0.527705 0.048261 0.671513
v 0.560589 0.077910 0.695404
v 0.588226 0.111710 0.715484
v 0.609828 0.146807 0.731178
v 0.597723 0.171019 0.768436
v 0.562731 0.162702 0.793954
v 0.521031 0.157029 0.817156
v 0.474335 0.155003 0.835774
v 0.425614 0.157029 0.848159
v 0.378240 0.162702 0.853900
v 0.334932 0.171019 0.853823
v 0.641521 0.171019 0.431839
v 0.654977 0.162703 0.473004
v 0.664157 0.157029 0.519832
v 0.667434 0.155004 0.569996
v 0.664157 0.157029 0.620159
v 0.654977 0.162703 0.666988
v 0.641521 0.171019 0.708152
v 0.419669 0.001541 0.546970
v 0.454726 0.009727 0.521500
v 0.491544 0.025165 0.494751
v 0.527705 0.048261 0.468479
v 0.560589 0.077910 0.444587
v 0.588226 0.111710 0.424508
v 0.609828 0.146807 0.408813
v 0.113754 0.146809 0.569996
v 0.140454 0.111711 0.569996
v 0.174616 0.077912 0.569996
v 0.215263 0.048262 0.569996
v 0.259960 0.025166 0.569996
v 0.305469 0.009727 0.569996
v 0.348802 0.001541 0.569996
v 0.264064 0.171019 0.830797
v 0.228981 0.162702 0.805403
v 0.194028 0.157029 0.772914
v 0.161891 0.155004 0.734256
v 0.135056 0.157029 0.691746
v 0.114958 0.162703 0.648465
v 0.101648 0.171020 0.607253
v 0.303239 0.146807 0.309195
v 0.311490 0.111710 0.334589
v 0.322046 0.077910 0.367079
v 0.334606 0.048261 0.405736
v 0.348418 0.025165 0.448246
v 0.362481 0.009727 0.491527
v 0.375871 0.001541 0.532739
v 0.101648 0.171020 0.532739
v 0.114958 0.162703 0.491527
v 0.135056 0.157029 0.448246
v 0.161891 0.155004 0.405736
v 0.194028 0.157029 0.367078
v 0.228981 0.162702 0.334588
v 0.264064 0.171019 0.309195
v 0.334932 0.171019 0.286168
v 0.378240 0.162702 0.286092
v 0.425614 0.157029 0.291832
v 0.474335 0.155003 0.304217
v 0.521031 0.157029 0.322836
v 0.562731 0.162702 0.346038
v 0.597723 0.171019 0.371556
v 0.693893 0.445245 0.593022
v 0.702250 0.410228 0.618492
v 0.704906 0.370392 0.645241
v 0.700421 0.327720 0.671513
v 0.688607 0.285047 0.695405
v 0.670735 0.245211 0.715484
v 0.649003 0.210194 0.731179
v 0.649003 0.210194 0.408813
v 0.670735 0.245211 0.424507
v 0.688607 0.285047 0.444587
v 0.700421 0.327720 0.468478
v 0.704906 0.370392 0.494751
v 0.702250 0.410228 0.521500
v 0.693893 0.445245 0.546970
v 0.460609 0.445246 0.868055
v 0.438968 0.410229 0.883873
v 0.414349 0.370393 0.894666
v 0.387977 0.327720 0.898518
v 0.361604 0.285047 0.894666
v 0.336985 0.245211 0.883873
v 0.315344 0.210194 0.868055
v 0.621934 0.210194 0.768436
v 0.613724 0.245211 0.793955
v 0.600149 0.285047 0.817157
v 0.581078 0.327720 0.835776
v 0.557476 0.370393 0.848161
v 0.531215 0.410229 0.853901
v 0.504408 0.445246 0.853824
v 0.126950 0.445246 0.731179
v 0.105218 0.410229 0.715484
v 0.087346 0.370393 0.695405
v 0.075533 0.327720 0.671513
v 0.071047 0.285047 0.645241
v 0.073704 0.245212 0.618492
v 0.082061 0.210195 0.593022
v 0.271545 0.210194 0.853824
v 0.244739 0.245211 0.853901
v 0.218477 0.285047 0.848161
v 0.194876 0.327720 0.835776
v 0.175804 0.370393 0.817157
v 0.162230 0.410229 0.793955
v 0.154019 0.445246 0.768436
v 0.154019 0.445246 0.371555
v 0.162230 0.410229 0.346037
v 0.175804 0.370393 0.322834
v 0.194876 0.327720 0.304216
v 0.218477 0.285047 0.291831
v 0.244739 0.245211 0.286091
v 0.271545 0.210194 0.286168
v 0.082061 0.210195 0.546970
v 0.073704 0.245212 0.521500
v 0.071047 0.285047 0.494751
v 0.075533 0.327720 0.468478
v 0.087346 0.370393 0.444587
v 0.105218 0.410229 0.424507
v 0.126950 0.445246 0.408813
v 0.504408 0.445246 0.286168
v 0.531215 0.410229 0.286091
v 0.557477 0.370393 0.291831
v 0.581078 0.327720 0.304216
v 0.600149 0.285047 0.322834
v 0.613724 0.245211 0.346037
v 0.621934 0.210194 0.371555
v 0.315344 0.210194 0.271937
v 0.336985 0.245211 0.256118
v 0.361604 0.285047 0.245326
v 0.387977 0.327720 0.241473
v 0.414349 0.370393 0.245326
v 0.438968 0.410229 0.256118
v 0.460609 0.445246 0.271937
v 0.674305 0.484420 0.607253
v 0.660996 0.492736 0.648465
v 0.640897 0.498410 0.691746
v 0.614062 0.500436 0.734256
v 0.581925 0.498411 0.772914
v 0.546972 0.492737 0.805403
v 0.511890 0.484421 0.830797
v 0.441022 0.484421 0.853823
v 0.397714 0.492737 0.853900
v 0.350340 0.498411 0.848159
v 0.301618 0.500436 0.835774
v 0.254922 0.498411 0.817156
v 0.213222 0.492737 0.793954
v 0.178231 0.484421 0.768436
v 0.134432 0.484421 0.708152
v 0.120977 0.492737 0.666988
v 0.111797 0.498411 0.620159
v 0.108520 0.500436 0.569996
v 0.111797 0.498411 0.519832
v 0.120977 0.492737 0.473004
v 0.134432 0.484421 0.431839
v 0.178231 0.484421 0.371556
v 0.213222 0.492737 0.346038
v 0.254922 0.498411 0.322836
v 0.301618 0.500436 0.304217
v 0.350340 0.498411 0.291832
v 0.397714 0.492737 0.286092
v 0.441022 0.484421 0.286168
v 0.511890 0.484421 0.309195
v 0.546972 0.492737 0.334588
v 0.581925 0.498411 0.367078
v 0.614062 0.500436 0.405736
v 0.640897 0.498410 0.448246
v 0.660996 0.492736 0.491527
v 0.674305 0.484420 0.532739
v 0.400082 0.653898 0.607253
v 0.413472 0.645713 0.648464
v 0.427535 0.630274 0.691746
v 0.441347 0.607179 0.734256
v 0.453907 0.577529 0.772913
v 0.464464 0.543730 0.805403
v 0.472715 0.508632 0.830797
v 0.662200 0.508631 0.569996
v 0.635499 0.543728 0.569996
v 0.601338 0.577528 0.569996
v 0.560691 0.607178 0.569996
v 0.515993 0.630274 0.569996
v 0.470484 0.645713 0.569996
v 0.427151 0.653898 0.569996
v 0.356284 0.653898 0.593022
v 0.321227 0.645713 0.618492
v 0.284410 0.630274 0.645241
v 0.248249 0.607179 0.671513
v 0.215365 0.577529 0.695404
v 0.187727 0.543730 0.715484
v 0.166126 0.508632 0.731178
v 0.356284 0.653898 0.546970
v 0.321227 0.645713 0.521500
v 0.284410 0.630274 0.494751
v 0.248249 0.607179 0.468479
v 0.215365 0.577529 0.444587
v 0.187727 0.543730 0.424508
v 0.166126 0.508632 0.408813
v 0.400082 0.653898 0.532739
v 0.413472 0.645713 0.491527
v 0.427535 0.630274 0.448246
v 0.441347 0.607179 0.405736
v 0.453907 0.577529 0.367079
v 0.464464 0.543730 0.334589
v 0.472715 0.508632 0.309195
v 0.442576 0.649235 0.530327
v 0.488888 0.637585 0.528432
v 0.458690 0.637585 0.486868
v 0.536263 0.617757 0.527376
v 0.506836 0.621560 0.483639
v 0.474333 0.617758 0.442138
v 0.581077 0.590061 0.527376
v 0.554448 0.597079 0.482477
v 0.522655 0.597080 0.438717
v 0.488181 0.590062 0.399518
v 0.619998 0.556555 0.528432
v 0.597638 0.565442 0.483639
v 0.568667 0.568643 0.438717
v 0.534895 0.565443 0.397282
v 0.499204 0.556556 0.362175
v 0.651130 0.520343 0.530327
v 0.633503 0.529545 0.486867
v 0.608772 0.534670 0.442137
v 0.577807 0.534670 0.399517
v 0.542908 0.529546 0.362174
v 0.507022 0.520344 0.331981
v 0.367121 0.649235 0.505810
v 0.379630 0.637585 0.461180
v 0.330768 0.637585 0.477056
v 0.393265 0.617758 0.415798
v 0.342576 0.621560 0.430269
v 0.293061 0.617758 0.448356
v 0.407113 0.590062 0.373178
v 0.356183 0.597080 0.384628
v 0.304740 0.597080 0.401343
v 0.256807 0.590062 0.422016
v 0.420144 0.556556 0.336487
v 0.370634 0.565443 0.343912
v 0.318958 0.568643 0.357583
v 0.269116 0.565443 0.376897
v 0.224698 0.556556 0.399992
v 0.431566 0.520344 0.307464
v 0.384787 0.529546 0.310799
v 0.334604 0.534671 0.320497
v 0.284502 0.534671 0.336776
v 0.238203 0.529546 0.358428
v 0.198398 0.520344 0.383227
v 0.320488 0.649235 0.569996
v 0.281907 0.637585 0.544308
v 0.281907 0.637585 0.595684
v 0.242959 0.617757 0.517316
v 0.241058 0.621560 0.569996
v 0.242959 0.617757 0.622676
v 0.206705 0.590062 0.490976
v 0.201856 0.597079 0.542951
v 0.201856 0.597079 0.597040
v 0.206705 0.590062 0.649016
v 0.175837 0.556556 0.467245
v 0.167598 0.565442 0.516625
v 0.164631 0.568643 0.569996
v 0.167598 0.565442 0.623367
v 0.175837 0.556556 0.672747
v 0.151764 0.520344 0.447413
v 0.140480 0.529545 0.492932
v 0.134196 0.534670 0.543656
v 0.134196 0.534670 0.596336
v 0.140480 0.529545 0.647059
v 0.151764 0.520344 0.692579
v 0.367121 0.649235 0.634181
v 0.330768 0.637585 0.662935
v 0.379630 0.637585 0.678811
v 0.293061 0.617758 0.691635
v 0.342576 0.621560 0.709723
v 0.393265 0.617758 0.724194
v 0.256807 0.590062 0.717976
v 0.304740 0.597080 0.738649
v 0.356183 0.597080 0.755364
v 0.407113 0.590062 0.766814
v 0.224698 0.556556 0.739999
v 0.269116 0.565443 0.763094
v 0.318958 0.568643 0.782409
v 0.370634 0.565443 0.796080
v 0.420144 0.556556 0.803505
v 0.198398 0.520344 0.756765
v 0.238203 0.529546 0.781564
v 0.284502 0.534671 0.803215
v 0.334604 0.534671 0.819495
v 0.384787 0.529546 0.829193
v 0.431566 0.520344 0.832528
v 0.442576 0.649235 0.609665
v 0.458690 0.637585 0.653124
v 0.488888 0.637585 0.611560
v 0.474333 0.617758 0.697854
v 0.506836 0.621560 0.656352
v 0.536263 0.617757 0.612615
v 0.488181 0.590062 0.740474
v 0.522655 0.597080 0.701275
v 0.554448 0.597079 0.657515
v 0.581077 0.590061 0.612615
v 0.499204 0.556556 0.777817
v 0.534895 0.565443 0.742709
v 0.568667 0.568643 0.701275
v 0.597638 0.565442 0.656353
v 0.619998 0.556555 0.611560
v 0.507022 0.520344 0.808011
v 0.542908 0.529546 0.777817
v 0.577807 0.534670 0.740475
v 0.608772 0.534670 0.697855
v 0.633503 0.529545 0.653124
v 0.651130 0.520343 0.609665
v 0.684876 0.452853 0.505810
v 0.690713 0.415127 0.477056
v 0.668861 0.458831 0.461180
v 0.689842 0.372533 0.448356
v 0.671099 0.418522 0.430268
v 0.645028 0.462161 0.415797
v 0.681283 0.327720 0.422015
v 0.666124 0.373732 0.401342
v 0.643117 0.419745 0.384627
v 0.614063 0.462161 0.373177
v 0.665674 0.284016 0.399992
v 0.653758 0.327720 0.376896
v 0.634330 0.373733 0.357581
v 0.608356 0.418523 0.343910
v 0.578265 0.458832 0.336486
v 0.645046 0.244297 0.383226
v 0.635475 0.284016 0.358427
v 0.619353 0.327720 0.336775
v 0.596946 0.372534 0.320495
v 0.569919 0.415128 0.310797
v 0.540768 0.452854 0.307463
v 0.418678 0.452854 0.267794
v 0.393134 0.415128 0.253357
v 0.371282 0.458832 0.269234
v 0.365570 0.372534 0.245317
v 0.342575 0.418522 0.257553
v 0.320756 0.462161 0.277876
v 0.337874 0.327720 0.245316
v 0.313528 0.373732 0.253346
v 0.290521 0.419745 0.270061
v 0.270654 0.462161 0.294156
v 0.312105 0.284016 0.253357
v 0.286458 0.327720 0.257552
v 0.262085 0.373732 0.270061
v 0.241057 0.418523 0.290539
v 0.224697 0.458832 0.316863
v 0.289786 0.244297 0.267793
v 0.263243 0.284016 0.269233
v 0.237669 0.327720 0.277875
v 0.215262 0.372534 0.294155
v 0.197687 0.415128 0.316862
v 0.185508 0.452854 0.343557
v 0.110053 0.452854 0.447412
v 0.088429 0.415128 0.467244
v 0.096776 0.458831 0.492932
v 0.072264 0.372533 0.490975
v 0.076796 0.418522 0.516625
v 0.089382 0.462161 0.543656
v 0.063706 0.327720 0.517316
v 0.063819 0.373732 0.542951
v 0.072606 0.419745 0.569996
v 0.089382 0.462161 0.596336
v 0.063389 0.284016 0.544308
v 0.059454 0.327720 0.569996
v 0.063819 0.373732 0.597041
v 0.076796 0.418522 0.623367
v 0.096776 0.458832 0.647060
v 0.070222 0.244298 0.569996
v 0.063389 0.284016 0.595684
v 0.063706 0.327720 0.622676
v 0.072264 0.372534 0.649017
v 0.088429 0.415128 0.672748
v 0.110053 0.452854 0.692579
v 0.185508 0.452854 0.796435
v 0.197687 0.415128 0.823129
v 0.224697 0.458832 0.823129
v 0.215262 0.372534 0.845837
v 0.241056 0.418522 0.849453
v 0.270653 0.462161 0.845836
v 0.237669 0.327720 0.862117
v 0.262084 0.373732 0.869931
v 0.290521 0.419745 0.869931
v 0.320756 0.462161 0.862116
v 0.263243 0.284015 0.870759
v 0.286458 0.327720 0.882439
v 0.313527 0.373732 0.886646
v 0.342575 0.418522 0.882439
v 0.371282 0.458832 0.870758
v 0.289786 0.244297 0.872198
v 0.312105 0.284016 0.886635
v 0.337874 0.327720 0.894675
v 0.365570 0.372534 0.894675
v 0.393134 0.415128 0.886635
v 0.418677 0.452854 0.872198
v 0.540767 0.452854 0.832529
v 0.569919 0.415128 0.829194
v 0.578265 0.458832 0.803506
v 0.596946 0.372533 0.819497
v 0.608356 0.418522 0.796082
v 0.614063 0.462161 0.766815
v 0.619353 0.327719 0.803217
v 0.634330 0.373732 0.782411
v 0.643117 0.419744 0.755365
v 0.645028 0.462160 0.724195
v 0.635475 0.284015 0.781565
v 0.653758 0.327719 0.763096
v 0.666123 0.373732 0.738651
v 0.671099 0.418522 0.709724
v 0.668861 0.458831 0.678812
v 0.645046 0.244297 0.756766
v 0.665673 0.284015 0.740000
v 0.681283 0.327719 0.717977
v 0.689842 0.372533 0.691636
v 0.690713 0.415127 0.662936
v 0.684876 0.452853 0.634182
v 0.486167 0.411143 0.267793
v 0.512710 0.371424 0.269233
v 0.463848 0.371424 0.253357
v 0.538285 0.327720 0.277875
v 0.489496 0.327720 0.257552
v 0.438079 0.327720 0.245316
v 0.560692 0.282906 0.294155
v 0.513869 0.281707 0.270061
v 0.462426 0.281707 0.253346
v 0.410384 0.282906 0.245317
v 0.578267 0.240311 0.316862
v 0.534897 0.236917 0.290539
v 0.485432 0.235694 0.270061
v 0.433378 0.236917 0.257553
v 0.382819 0.240312 0.253357
v 0.590446 0.202585 0.343557
v 0.551256 0.196608 0.316863
v 0.505300 0.193278 0.294156
v 0.455197 0.193278 0.277876
v 0.404671 0.196608 0.269234
v 0.357276 0.202586 0.267794
v 0.130907 0.411143 0.383226
v 0.140478 0.371424 0.358427
v 0.110280 0.371424 0.399991
v 0.156601 0.327720 0.336775
v 0.122196 0.327720 0.376896
v 0.094670 0.327720 0.422015
v 0.179008 0.282906 0.320495
v 0.141624 0.281707 0.357581
v 0.109830 0.281707 0.401341
v 0.086112 0.282906 0.448355
v 0.206035 0.240312 0.310797
v 0.167598 0.236917 0.343910
v 0.132837 0.235695 0.384626
v 0.104855 0.236917 0.430267
v 0.085241 0.240312 0.477056
v 0.235186 0.202586 0.307463
v 0.197689 0.196608 0.336486
v 0.161891 0.193279 0.373176
v 0.130926 0.193279 0.415796
v 0.107093 0.196608 0.461179
v 0.091078 0.202586 0.505810
v 0.130907 0.411143 0.756766
v 0.110280 0.371424 0.740000
v 0.140478 0.371424 0.781565
v 0.094670 0.327720 0.717977
v 0.122196 0.327720 0.763096
v 0.156601 0.327720 0.803217
v 0.086112 0.282906 0.691636
v 0.109830 0.281707 0.738651
v 0.141624 0.281707 0.782411
v 0.179008 0.282906 0.819497
v 0.085241 0.240312 0.662936
v 0.104855 0.236917 0.709724
v 0.132837 0.235695 0.755366
v 0.167598 0.236917 0.796082
v 0.206035 0.240312 0.829195
v 0.091078 0.202586 0.634182
v 0.107093 0.196608 0.678813
v 0.130926 0.193279 0.724196
v 0.161891 0.193279 0.766816
v 0.197689 0.196608 0.803506
v 0.235186 0.202586 0.832529
v 0.486167 0.411143 0.872198
v 0.463848 0.371424 0.886635
v 0.512710 0.371424 0.870759
v 0.438079 0.327720 0.894675
v 0.489496 0.327720 0.882439
v 0.538285 0.327720 0.862117
v 0.410384 0.282906 0.894675
v 0.462426 0.281707 0.886646
v 0.513869 0.281707 0.869931
v 0.560692 0.282906 0.845837
v 0.382819 0.240312 0.886635
v 0.433378 0.236917 0.882439
v 0.485432 0.235694 0.869930
v 0.534897 0.236917 0.849453
v 0.578267 0.240312 0.823129
v 0.357276 0.202586 0.872198
v 0.404671 0.196608 0.870758
v 0.455197 0.193278 0.862116
v 0.505300 0.193278 0.845836
v 0.551256 0.196608 0.823129
v 0.590446 0.202585 0.796435
v 0.705731 0.411142 0.569996
v 0.712564 0.371424 0.595684
v 0.712564 0.371424 0.544308
v 0.712248 0.327720 0.622676
v 0.716499 0.327720 0.569996
v 0.712248 0.327720 0.517316
v 0.703690 0.282906 0.649016
v 0.712135 0.281707 0.597041
v 0.712135 0.281707 0.542951
v 0.703690 0.282906 0.490975
v 0.687525 0.240312 0.672747
v 0.699158 0.236918 0.623367
v 0.703347 0.235695 0.569996
v 0.699158 0.236917 0.516625
v 0.687525 0.240312 0.467244
v 0.665901 0.202586 0.692579
v 0.679178 0.196608 0.647059
v 0.686572 0.193279 0.596336
v 0.686572 0.193279 0.543656
v 0.679178 0.196608 0.492932
v 0.665901 0.202586 0.447412
v 0.577556 0.135096 0.383227
v 0.551255 0.098884 0.399992
v 0.537751 0.125894 0.358428
v 0.519147 0.065378 0.422016
v 0.506837 0.089997 0.376897
v 0.491452 0.120769 0.336776
v 0.482892 0.037682 0.448356
v 0.471213 0.058360 0.401342
v 0.456995 0.086797 0.357582
v 0.441349 0.120769 0.320497
v 0.445185 0.017855 0.477056
v 0.433378 0.033880 0.430268
v 0.419771 0.058360 0.384627
v 0.405319 0.089997 0.343911
v 0.391166 0.125894 0.310799
v 0.408832 0.006204 0.505810
v 0.396324 0.017855 0.461180
v 0.382688 0.037682 0.415797
v 0.368840 0.065378 0.373177
v 0.355809 0.098884 0.336487
v 0.344387 0.135096 0.307464
v 0.268931 0.135096 0.331981
v 0.276749 0.098884 0.362175
v 0.233045 0.125894 0.362175
v 0.287773 0.065378 0.399518
v 0.241058 0.089997 0.397283
v 0.198146 0.120769 0.399518
v 0.301620 0.037682 0.442138
v 0.253298 0.058360 0.438717
v 0.207286 0.086797 0.438717
v 0.167181 0.120770 0.442137
v 0.317264 0.017855 0.486868
v 0.269117 0.033880 0.483640
v 0.221505 0.058360 0.482477
v 0.178315 0.089998 0.483639
v 0.142450 0.125895 0.486868
v 0.333377 0.006204 0.530327
v 0.287065 0.017855 0.528432
v 0.239690 0.037683 0.527377
v 0.194877 0.065379 0.527376
v 0.155955 0.098885 0.528432
v 0.124823 0.135097 0.530327
v 0.124823 0.135097 0.609665
v 0.155955 0.098885 0.611560
v 0.142450 0.125895 0.653124
v 0.194877 0.065378 0.612615
v 0.178315 0.089998 0.656352
v 0.167181 0.120770 0.697855
v 0.239690 0.037683 0.612615
v 0.221505 0.058361 0.657515
v 0.207286 0.086797 0.701275
v 0.198146 0.120770 0.740474
v 0.287065 0.017855 0.611560
v 0.269117 0.033880 0.656353
v 0.253298 0.058360 0.701275
v 0.241058 0.089998 0.742710
v 0.233045 0.125894 0.777817
v 0.333377 0.006204 0.609665
v 0.317264 0.017855 0.653124
v 0.301620 0.037682 0.697855
v 0.287773 0.065378 0.740475
v 0.276749 0.098884 0.777817
v 0.268931 0.135096 0.808011
v 0.624189 0.135096 0.447413
v 0.635474 0.125894 0.492932
v 0.600117 0.098884 0.467245
v 0.641758 0.120770 0.543656
v 0.608355 0.089997 0.516625
v 0.569249 0.065378 0.490976
v 0.641758 0.120770 0.596336
v 0.611322 0.086797 0.569996
v 0.574098 0.058360 0.542951
v 0.532994 0.037682 0.517316
v 0.635474 0.125894 0.647059
v 0.608355 0.089998 0.623367
v 0.574098 0.058360 0.597041
v 0.534896 0.033880 0.569996
v 0.494046 0.017855 0.544308
v 0.624190 0.135096 0.692579
v 0.600117 0.098884 0.672747
v 0.569249 0.065378 0.649016
v 0.532995 0.037683 0.622676
v 0.494047 0.017855 0.595684
v 0.455466 0.006204 0.569996
v 0.344387 0.135096 0.832528
v 0.355810 0.098884 0.803505
v 0.391166 0.125894 0.829193
v 0.368841 0.065378 0.766814
v 0.405320 0.089997 0.796080
v 0.441350 0.120769 0.819495
v 0.382688 0.037682 0.724194
v 0.419771 0.058360 0.755364
v 0.456996 0.086797 0.782409
v 0.491452 0.120769 0.803216
v 0.396324 0.017855 0.678812
v 0.433378 0.033880 0.709723
v 0.471214 0.058360 0.738649
v 0.506838 0.089997 0.763095
v 0.537751 0.125894 0.781564
v 0.408832 0.006204 0.634181
v 0.445186 0.017855 0.662936
v 0.482893 0.037682 0.691636
v 0.519147 0.065378 0.717976
v 0.551256 0.098884 0.740000
v 0.577556 0.135096 0.756765
vn -0.0000 -1.0000 -0.0000
vn 0.0987 -0.9925 0.0717
vn -0.0377 -0.9925 0.1161
vn 0.7236 -0.4472 0.5257
vn 0.6740 -0.5530 0.4897
vn 0.7728 -0.4776 0.4180
vn -0.1220 -0.9925 -0.0000
vn -0.0377 -0.9925 -0.1161
vn 0.0987 -0.9925 -0.0717
vn 0.7961 -0.3556 0.4897
vn -0.2764 -0.4472 0.8506
vn -0.1587 -0.4776 0.8641
vn -0.2198 -0.3556 0.9084
vn -0.8944 -0.4472 -0.0000
vn -0.8709 -0.4776 0.1161
vn -0.9319 -0.3556 0.0717
vn -0.2764 -0.4472 -0.8506
vn -0.3795 -0.4776 -0.7924
vn -0.3562 -0.3556 -0.8641
vn 0.7236 -0.4472 -0.5257
vn 0.6363 -0.4776 -0.6058
vn 0.7118 -0.3556 -0.6058
vn 0.7118 -0.3556 0.6058
vn -0.3562 -0.3556 0.8641
vn -0.9319 -0.3556 -0.0717
vn -0.2198 -0.3556 -0.9084
vn 0.7961 -0.3556 -0.4897
vn 0.2764 0.4472 0.8506
vn 0.3795 0.4776 0.7924
vn 0.2575 0.5530 0.7924
vn -0.7236 0.4472 0.5257
vn -0.6363 0.4776 0.6058
vn -0.6740 0.5530 0.4897
vn -0.7236 0.4472 -0.5257
vn -0.7728 0.4776 -0.4180
vn -0.6740 0.5530 -0.4897
vn 0.2764 0.4472 -0.8506
vn 0.1587 0.4776 -0.8641
vn 0.2575 0.5530 -0.7924
vn 0.8944 0.4472 -0.0000
vn 0.8709 0.4776 -0.1161
vn 0.8332 0.5530 -0.0000
vn 0.1220 0.9925 -0.0000
vn 0.0377 0.9925 -0.1161
vn -0.0000 1.0000 -0.0000
vn 0.2532 0.9674 -0.0000
vn 0.1698 0.9777 -0.1233
vn 0.3907 0.9205 -0.0000
vn 0.3095 0.9421 -0.1293
vn 0.5257 0.8507 -0.0000
vn 0.4520 0.8821 -0.1326
vn 0.6486 0.7612 -0.0000
vn 0.5868 0.7988 -0.1326
vn 0.7520 0.6591 -0.0000
vn 0.7042 0.6981 -0.1293
vn 0.7986 0.5891 -0.1233
vn 0.0782 0.9674 -0.2408
vn 0.2186 0.9421 -0.2544
vn 0.1207 0.9205 -0.3716
vn 0.3635 0.8934 -0.2641
vn 0.2658 0.8821 -0.3889
vn 0.1625 0.8507 -0.5000
vn 0.5066 0.8196 -0.2676
vn 0.4110 0.8196 -0.3991
vn 0.3074 0.7988 -0.5171
vn 0.2004 0.7612 -0.6168
vn 0.6365 0.7247 -0.2641
vn 0.5493 0.7342 -0.3991
vn 0.4479 0.7247 -0.5237
vn 0.3406 0.6981 -0.6298
vn 0.2324 0.6591 -0.7152
vn 0.7449 0.6168 -0.2544
vn 0.6701 0.6322 -0.3889
vn 0.5770 0.6322 -0.5171
vn 0.4721 0.6168 -0.6298
vn 0.3641 0.5891 -0.7214
vn 0.8303 0.5026 -0.2408
vn 0.7693 0.5197 -0.3716
vn 0.6882 0.5257 -0.5000
vn 0.5912 0.5197 -0.6168
vn 0.4856 0.5026 -0.7152
vn 0.3795 0.4776 -0.7924
vn -0.0987 0.9925 -0.0717
vn -0.0648 0.9777 -0.1996
vn -0.0273 0.9421 -0.3343
vn 0.0136 0.8821 -0.4709
vn 0.0552 0.7988 -0.5991
vn 0.0947 0.6981 -0.7097
vn 0.1295 0.5891 -0.7976
vn -0.2048 0.9674 -0.1488
vn -0.1744 0.9421 -0.2865
vn -0.3161 0.9205 -0.2297
vn -0.1389 0.8934 -0.4274
vn -0.2878 0.8821 -0.3730
vn -0.4253 0.8507 -0.3090
vn -0.0980 0.8196 -0.5645
vn -0.2525 0.8196 -0.5142
vn -0.3968 0.7988 -0.4522
vn -0.5247 0.7612 -0.3812
vn -0.0545 0.7247 -0.6869
vn -0.2098 0.7342 -0.6457
vn -0.3597 0.7247 -0.5878
vn -0.4937 0.6981 -0.5185
vn -0.6084 0.6591 -0.4420
vn -0.0118 0.6168 -0.7870
vn -0.1628 0.6322 -0.7575
vn -0.3135 0.6322 -0.7085
vn -0.4531 0.6168 -0.6436
vn -0.5736 0.5891 -0.5692
vn 0.0275 0.5026 -0.8641
vn -0.1157 0.5197 -0.8465
vn -0.2629 0.5257 -0.8090
vn -0.4040 0.5197 -0.7528
vn -0.5302 0.5026 -0.6828
vn -0.6363 0.4776 -0.6058
vn -0.0987 0.9925 0.0717
vn -0.2098 0.9777 -0.0000
vn -0.3264 0.9421 -0.0773
vn -0.4436 0.8821 -0.1584
vn -0.5527 0.7988 -0.2376
vn -0.6457 0.6981 -0.3093
vn -0.7186 0.5891 -0.3696
vn -0.2048 0.9674 0.1488
vn -0.3264 0.9421 0.0773
vn -0.3161 0.9205 0.2297
vn -0.4493 0.8934 -0.0000
vn -0.4436 0.8821 0.1584
vn -0.4253 0.8507 0.3090
vn -0.5671 0.8196 -0.0812
vn -0.5671 0.8196 0.0812
vn -0.5527 0.7988 0.2376
vn -0.5247 0.7612 0.3812
vn -0.6702 0.7247 -0.1604
vn -0.6789 0.7342 -0.0000
vn -0.6702 0.7247 0.1604
vn -0.6457 0.6981 0.3093
vn -0.6084 0.6591 0.4420
vn -0.7521 0.6168 -0.2320
vn -0.7707 0.6322 -0.0792
vn -0.7707 0.6322 0.0792
vn -0.7521 0.6168 0.2320
vn -0.7186 0.5891 0.3696
vn -0.8133 0.5026 -0.2932
vn -0.8408 0.5197 -0.1515
vn -0.8506 0.5257 -0.0000
vn -0.8408 0.5197 0.1515
vn -0.8133 0.5026 0.2932
vn -0.7728 0.4776 0.4180
vn 0.0377 0.9925 0.1161
vn -0.0648 0.9777 0.1996
vn -0.1744 0.9421 0.2865
vn -0.2878 0.8821 0.3730
vn -0.3968 0.7988 0.4522
vn -0.4937 0.6981 0.5185
vn -0.5736 0.5891 0.5692
vn 0.0782 0.9674 0.2408
vn -0.0273 0.9421 0.3343
vn 0.1207 0.9205 0.3716
vn -0.1389 0.8934 0.4274
vn 0.0136 0.8821 0.4709
vn 0.1625 0.8507 0.5000
vn -0.2525 0.8196 0.5142
vn -0.0980 0.8196 0.5645
vn 0.0552 0.7988 0.5991
vn 0.2004 0.7612 0.6168
vn -0.3597 0.7247 0.5878
vn -0.2098 0.7342 0.6457
vn -0.0545 0.7247 0.6869
vn 0.0947 0.6981 0.7097
vn 0.2324 0.6591 0.7152
vn -0.4531 0.6168 0.6436
vn -0.3135 0.6322 0.7085
vn -0.1628 0.6322 0.7575
vn -0.0118 0.6168 0.7870
vn 0.1295 0.5891 0.7976
vn -0.5302 0.5026 0.6828
vn -0.4040 0.5197 0.7528
vn -0.2629 0.5257 0.8090
vn -0.1157 0.5197 0.8465
vn 0.0275 0.5026 0.8641
vn 0.1587 0.4776 0.8641
vn 0.1698 0.9777 0.1233
vn 0.2186 0.9421 0.2544
vn 0.2658 0.8821 0.3889
vn 0.3074 0.7988 0.5171
vn 0.3406 0.6981 0.6298
vn 0.3641 0.5891 0.7214
vn 0.3095 0.9421 0.1293
vn 0.3635 0.8934 0.2641
vn 0.4520 0.8821 0.1326
vn 0.4110 0.8196 0.3991
vn 0.5066 0.8196 0.2676
vn 0.5868 0.7988 0.1326
vn 0.4479 0.7247 0.5237
vn 0.5493 0.7342 0.3991
vn 0.6365 0.7247 0.2641
vn 0.7042 0.6981 0.1293
vn 0.4721 0.6168 0.6298
vn 0.5770 0.6322 0.5171
vn 0.6701 0.6322 0.3889
vn 0.7449 0.6168 0.2544
vn 0.7986 0.5891 0.1233
vn 0.4856 0.5026 0.7152
vn 0.5912 0.5197 0.6168
vn 0.6882 0.5257 0.5000
vn 0.7693 0.5197 0.3716
vn 0.8303 0.5026 0.2408
vn 0.8709 0.4776 0.1161
vn 0.9319 0.3556 -0.0717
vn 0.9569 0.2494 -0.1488
vn 0.9035 0.3793 -0.1996
vn 0.9647 0.1289 -0.2297
vn 0.9206 0.2653 -0.2865
vn 0.9511 -0.0000 -0.3090
vn 0.9177 0.1371 -0.3730
vn 0.9155 -0.1289 -0.3812
vn 0.8919 0.0023 -0.4522
vn 0.8616 -0.2494 -0.4420
vn 0.8452 -0.1294 -0.5185
vn 0.7834 -0.2496 -0.5692
vn 0.8548 0.3969 -0.3343
vn 0.8611 0.2753 -0.4274
vn 0.7829 0.4066 -0.4709
vn 0.8460 0.1407 -0.5142
vn 0.7769 0.2789 -0.5645
vn 0.6898 0.4066 -0.5991
vn 0.8090 0.0024 -0.5878
vn 0.7505 0.1407 -0.6457
vn 0.6725 0.2753 -0.6869
vn 0.5821 0.3969 -0.7097
vn 0.7543 -0.1294 -0.6436
vn 0.7057 0.0023 -0.7085
vn 0.6383 0.1371 -0.7575
vn 0.5570 0.2653 -0.7870
vn 0.4690 0.3793 -0.7976
vn 0.6867 -0.2494 -0.6829
vn 0.6455 -0.1289 -0.7528
vn 0.5878 -0.0000 -0.8090
vn 0.5165 0.1289 -0.8465
vn 0.4372 0.2494 -0.8641
vn 0.3562 0.3556 -0.8641
vn 0.2198 0.3556 -0.9084
vn 0.1541 0.2494 -0.9560
vn 0.0894 0.3793 -0.9210
vn 0.0797 0.1289 -0.9884
vn 0.0120 0.2653 -0.9641
vn -0.0000 -0.0000 -1.0000
vn -0.0711 0.1371 -0.9880
vn -0.0797 -0.1289 -0.9884
vn -0.1544 0.0023 -0.9880
vn -0.1541 -0.2494 -0.9560
vn -0.2319 -0.1294 -0.9641
vn -0.2992 -0.2496 -0.9210
vn -0.0538 0.3969 -0.9163
vn -0.1403 0.2753 -0.9511
vn -0.2059 0.4066 -0.8901
vn -0.2276 0.1407 -0.9635
vn -0.2968 0.2789 -0.9133
vn -0.3566 0.4066 -0.8411
vn -0.3090 0.0024 -0.9511
vn -0.3822 0.1407 -0.9133
vn -0.4455 0.2753 -0.8519
vn -0.4951 0.3969 -0.7729
vn -0.3790 -0.1294 -0.9163
vn -0.4558 0.0023 -0.8901
vn -0.5232 0.1371 -0.8411
vn -0.5764 0.2653 -0.7729
vn -0.6137 0.3793 -0.6925
vn -0.4372 -0.2494 -0.8641
vn -0.5165 -0.1289 -0.8465
vn -0.5878 -0.0000 -0.8090
vn -0.6455 0.1289 -0.7528
vn -0.6867 0.2494 -0.6829
vn -0.7118 0.3556 -0.6058
vn -0.7961 0.3556 -0.4897
vn -0.8616 0.2494 -0.4420
vn -0.8483 0.3793 -0.3696
vn -0.9155 0.1289 -0.3812
vn -0.9132 0.2653 -0.3093
vn -0.9511 -0.0000 -0.3090
vn -0.9616 0.1371 -0.2377
vn -0.9647 -0.1289 -0.2297
vn -0.9874 0.0023 -0.1584
vn -0.9569 -0.2494 -0.1488
vn -0.9886 -0.1294 -0.0773
vn -0.9684 -0.2496 -0.0000
vn -0.8881 0.3969 -0.2320
vn -0.9479 0.2753 -0.1604
vn -0.9101 0.4066 -0.0792
vn -0.9867 0.1407 -0.0812
vn -0.9603 0.2789 -0.0000
vn -0.9101 0.4066 0.0792
vn -1.0000 0.0024 -0.0000
vn -0.9867 0.1407 0.0812
vn -0.9479 0.2753 0.1604
vn -0.8881 0.3969 0.2320
vn -0.9886 -0.1294 0.0773
vn -0.9874 0.0023 0.1584
vn -0.9616 0.1371 0.2377
vn -0.9132 0.2653 0.3093
vn -0.8483 0.3793 0.3696
vn -0.9569 -0.2494 0.1488
vn -0.9647 -0.1289 0.2297
vn -0.9511 -0.0000 0.3090
vn -0.9155 0.1289 0.3812
vn -0.8616 0.2494 0.4420
vn -0.7961 0.3556 0.4897
vn -0.7118 0.3556 0.6058
vn -0.6867 0.2494 0.6829
vn -0.6137 0.3793 0.6925
vn -0.6455 0.1289 0.7528
vn -0.5764 0.2653 0.7729
vn -0.5878 -0.0000 0.8090
vn -0.5232 0.1371 0.8411
vn -0.5165 -0.1289 0.8465
vn -0.4558 0.0023 0.8901
vn -0.4372 -0.2494 0.8641
vn -0.3790 -0.1294 0.9163
vn -0.2992 -0.2496 0.9210
vn -0.4951 0.3969 0.7729
vn -0.4455 0.2753 0.8519
vn -0.3566 0.4066 0.8411
vn -0.3822 0.1407 0.9133
vn -0.2968 0.2789 0.9133
vn -0.2059 0.4066 0.8901
vn -0.3090 0.0024 0.9511
vn -0.2276 0.1407 0.9635
vn -0.1403 0.2753 0.9511
vn -0.0538 0.3969 0.9163
vn -0.2319 -0.1294 0.9641
vn -0.1544 0.0023 0.9880
vn -0.0711 0.1371 0.9880
vn 0.0120 0.2653 0.9641
vn 0.0894 0.3793 0.9210
vn -0.1541 -0.2494 0.9560
vn -0.0797 -0.1289 0.9884
vn -0.0000 -0.0000 1.0000
vn 0.0797 0.1289 0.9884
vn 0.1541 0.2494 0.9560
vn 0.2198 0.3556 0.9084
vn 0.3562 0.3556 0.8641
vn 0.4372 0.2494 0.8641
vn 0.4690 0.3793 0.7976
vn 0.5165 0.1289 0.8465
vn 0.5570 0.2653 0.7870
vn 0.5878 -0.0000 0.8090
vn 0.6383 0.1371 0.7575
vn 0.6455 -0.1289 0.7528
vn 0.7057 0.0023 0.7085
vn 0.6867 -0.2494 0.6829
vn 0.7543 -0.1294 0.6436
vn 0.7834 -0.2496 0.5692
vn 0.5821 0.3969 0.7097
vn 0.6725 0.2753 0.6869
vn 0.6898 0.4066 0.5991
vn 0.7505 0.1407 0.6457
vn 0.7769 0.2789 0.5645
vn 0.7829 0.4066 0.4709
vn 0.8090 0.0024 0.5878
vn 0.8460 0.1407 0.5142
vn 0.8611 0.2753 0.4274
vn 0.8548 0.3969 0.3343
vn 0.8452 -0.1294 0.5185
vn 0.8919 0.0023 0.4522
vn 0.9177 0.1371 0.3730
vn 0.9206 0.2653 0.2865
vn 0.9035 0.3793 0.1996
vn 0.8616 -0.2494 0.4420
vn 0.9155 -0.1289 0.3812
vn 0.9511 -0.0000 0.3090
vn 0.9647 0.1289 0.2297
vn 0.9569 0.2494 0.1488
vn 0.9319 0.3556 0.0717
vn 0.2992 0.2496 -0.9210
vn 0.3790 0.1294 -0.9163
vn 0.4558 -0.0023 -0.8901
vn 0.5232 -0.1371 -0.8411
vn 0.5764 -0.2653 -0.7729
vn 0.6137 -0.3793 -0.6925
vn 0.2319 0.1294 -0.9641
vn 0.3090 -0.0024 -0.9511
vn 0.1544 -0.0023 -0.9880
vn 0.3822 -0.1407 -0.9133
vn 0.2276 -0.1407 -0.9635
vn 0.0711 -0.1371 -0.9880
vn 0.4455 -0.2753 -0.8519
vn 0.2968 -0.2789 -0.9133
vn 0.1403 -0.2753 -0.9511
vn -0.0120 -0.2653 -0.9641
vn 0.4951 -0.3969 -0.7729
vn 0.3566 -0.4066 -0.8411
vn 0.2059 -0.4066 -0.8901
vn 0.0538 -0.3969 -0.9163
vn -0.0894 -0.3793 -0.9210
vn 0.5302 -0.5026 -0.6828
vn 0.4040 -0.5197 -0.7528
vn 0.2629 -0.5257 -0.8090
vn 0.1157 -0.5197 -0.8465
vn -0.0275 -0.5026 -0.8641
vn -0.1587 -0.4776 -0.8641
vn -0.7834 0.2496 -0.5692
vn -0.7543 0.1294 -0.6436
vn -0.7057 -0.0023 -0.7085
vn -0.6383 -0.1371 -0.7575
vn -0.5570 -0.2653 -0.7870
vn -0.4690 -0.3793 -0.7976
vn -0.8452 0.1294 -0.5185
vn -0.8090 -0.0024 -0.5878
vn -0.8919 -0.0023 -0.4522
vn -0.7505 -0.1407 -0.6457
vn -0.8460 -0.1407 -0.5142
vn -0.9177 -0.1371 -0.3730
vn -0.6725 -0.2753 -0.6869
vn -0.7769 -0.2789 -0.5645
vn -0.8611 -0.2753 -0.4274
vn -0.9206 -0.2653 -0.2865
vn -0.5821 -0.3969 -0.7097
vn -0.6898 -0.4066 -0.5991
vn -0.7829 -0.4066 -0.4709
vn -0.8548 -0.3969 -0.3343
vn -0.9035 -0.3793 -0.1996
vn -0.4856 -0.5026 -0.7152
vn -0.5912 -0.5197 -0.6168
vn -0.6882 -0.5257 -0.5000
vn -0.7693 -0.5197 -0.3716
vn -0.8303 -0.5026 -0.2408
vn -0.8709 -0.4776 -0.1161
vn -0.7834 0.2496 0.5692
vn -0.8452 0.1294 0.5185
vn -0.8919 -0.0023 0.4522
vn -0.9177 -0.1371 0.3730
vn -0.9206 -0.2653 0.2865
vn -0.9035 -0.3793 0.1996
vn -0.7543 0.1294 0.6436
vn -0.8090 -0.0024 0.5878
vn -0.7057 -0.0023 0.7085
vn -0.8460 -0.1407 0.5142
vn -0.7505 -0.1407 0.6457
vn -0.6383 -0.1371 0.7575
vn -0.8611 -0.2753 0.4274
vn -0.7769 -0.2789 0.5645
vn -0.6725 -0.2753 0.6869
vn -0.5570 -0.2653 0.7870
vn -0.8548 -0.3969 0.3343
vn -0.7829 -0.4066 0.4709
vn -0.6898 -0.4066 0.5991
vn -0.5821 -0.3969 0.7097
vn -0.4690 -0.3793 0.7976
vn -0.8303 -0.5026 0.2408
vn -0.7693 -0.5197 0.3716
vn -0.6882 -0.5257 0.5000
vn -0.5912 -0.5197 0.6168
vn -0.4856 -0.5026 0.7152
vn -0.3795 -0.4776 0.7924
vn 0.2992 0.2496 0.9210
vn 0.2319 0.1294 0.9641
vn 0.1544 -0.0023 0.9880
vn 0.0711 -0.1371 0.9880
vn -0.0120 -0.2653 0.9641
vn -0.0894 -0.3793 0.9210
vn 0.3790 0.1294 0.9163
vn 0.3090 -0.0024 0.9511
vn 0.4558 -0.0023 0.8901
vn 0.2276 -0.1407 0.9635
vn 0.3822 -0.1407 0.9133
vn 0.5232 -0.1371 0.8411
vn 0.1403 -0.2753 0.9511
vn 0.2968 -0.2789 0.9133
vn 0.4455 -0.2753 0.8519
vn 0.5764 -0.2653 0.7729
vn 0.0538 -0.3969 0.9163
vn 0.2059 -0.4066 0.8901
vn 0.3566 -0.4066 0.8411
vn 0.4951 -0.3969 0.7729
vn 0.6137 -0.3793 0.6925
vn -0.0275 -0.5026 0.8641
vn 0.1157 -0.5197 0.8465
vn 0.2629 -0.5257 0.8090
vn 0.4040 -0.5197 0.7528
vn 0.5302 -0.5026 0.6828
vn 0.6363 -0.4776 0.6058
vn 0.9684 0.2496 -0.0000
vn 0.9886 0.1294 0.0773
vn 0.9874 -0.0023 0.1584
vn 0.9616 -0.1371 0.2377
vn 0.9132 -0.2653 0.3093
vn 0.8483 -0.3793 0.3696
vn 0.9886 0.1294 -0.0773
vn 1.0000 -0.0024 -0.0000
vn 0.9874 -0.0023 -0.1584
vn 0.9867 -0.1407 0.0812
vn 0.9867 -0.1407 -0.0812
vn 0.9616 -0.1371 -0.2377
vn 0.9479 -0.2753 0.1604
vn 0.9603 -0.2789 -0.0000
vn 0.9479 -0.2753 -0.1604
vn 0.9132 -0.2653 -0.3093
vn 0.8881 -0.3969 0.2320
vn 0.9101 -0.4066 0.0792
vn 0.9101 -0.4066 -0.0792
vn 0.8881 -0.3969 -0.2320
vn 0.8483 -0.3793 -0.3696
vn 0.8133 -0.5026 0.2932
vn 0.8408 -0.5197 0.1515
vn 0.8506 -0.5257 -0.0000
vn 0.8408 -0.5197 -0.1515
vn 0.8133 -0.5026 -0.2932
vn 0.7728 -0.4776 -0.4180
vn 0.6740 -0.5530 -0.4897
vn 0.6084 -0.6591 -0.4420
vn 0.5736 -0.5891 -0.5692
vn 0.5247 -0.7612 -0.3812
vn 0.4937 -0.6981 -0.5185
vn 0.4253 -0.8507 -0.3090
vn 0.3968 -0.7988 -0.4522
vn 0.3161 -0.9205 -0.2297
vn 0.2878 -0.8821 -0.3730
vn 0.2048 -0.9674 -0.1488
vn 0.1744 -0.9421 -0.2865
vn 0.0648 -0.9777 -0.1996
vn 0.4531 -0.6168 -0.6436
vn 0.3597 -0.7247 -0.5878
vn 0.3135 -0.6322 -0.7085
vn 0.2525 -0.8196 -0.5142
vn 0.2098 -0.7342 -0.6457
vn 0.1628 -0.6322 -0.7575
vn 0.1389 -0.8934 -0.4274
vn 0.0980 -0.8196 -0.5645
vn 0.0545 -0.7247 -0.6869
vn 0.0118 -0.6168 -0.7870
vn 0.0273 -0.9421 -0.3343
vn -0.0136 -0.8821 -0.4709
vn -0.0552 -0.7988 -0.5991
vn -0.0947 -0.6981 -0.7097
vn -0.1295 -0.5891 -0.7976
vn -0.0782 -0.9674 -0.2408
vn -0.1207 -0.9205 -0.3716
vn -0.1625 -0.8507 -0.5000
vn -0.2004 -0.7612 -0.6168
vn -0.2324 -0.6591 -0.7152
vn -0.2575 -0.5530 -0.7924
vn -0.3641 -0.5891 -0.7214
vn -0.3406 -0.6981 -0.6298
vn -0.3074 -0.7988 -0.5171
vn -0.2658 -0.8821 -0.3889
vn -0.2186 -0.9421 -0.2544
vn -0.1698 -0.9777 -0.1233
vn -0.4721 -0.6168 -0.6298
vn -0.4479 -0.7247 -0.5237
vn -0.5770 -0.6322 -0.5171
vn -0.4110 -0.8196 -0.3991
vn -0.5493 -0.7342 -0.3991
vn -0.6701 -0.6322 -0.3889
vn -0.3635 -0.8934 -0.2641
vn -0.5066 -0.8196 -0.2676
vn -0.6365 -0.7247 -0.2641
vn -0.7449 -0.6168 -0.2544
vn -0.3095 -0.9421 -0.1293
vn -0.4520 -0.8821 -0.1326
vn -0.5868 -0.7988 -0.1326
vn -0.7042 -0.6981 -0.1293
vn -0.7986 -0.5891 -0.1233
vn -0.2532 -0.9674 -0.0000
vn -0.3907 -0.9205 -0.0000
vn -0.5257 -0.8507 -0.0000
vn -0.6486 -0.7612 -0.0000
vn -0.7520 -0.6591 -0.0000
vn -0.8332 -0.5530 -0.0000
vn -0.7986 -0.5891 0.1233
vn -0.7042 -0.6981 0.1293
vn -0.5868 -0.7988 0.1326
vn -0.4520 -0.8821 0.1326
vn -0.3095 -0.9421 0.1293
vn -0.1698 -0.9777 0.1233
vn -0.7449 -0.6168 0.2544
vn -0.6365 -0.7247 0.2641
vn -0.6701 -0.6322 0.3889
vn -0.5066 -0.8196 0.2676
vn -0.5493 -0.7342 0.3991
vn -0.5770 -0.6322 0.5171
vn -0.3635 -0.8934 0.2641
vn -0.4110 -0.8196 0.3991
vn -0.4479 -0.7247 0.5237
vn -0.4721 -0.6168 0.6298
vn -0.2186 -0.9421 0.2544
vn -0.2658 -0.8821 0.3889
vn -0.3074 -0.7988 0.5171
vn -0.3406 -0.6981 0.6298
vn -0.3641 -0.5891 0.7214
vn -0.0782 -0.9674 0.2408
vn -0.1207 -0.9205 0.3716
vn -0.1625 -0.8507 0.5000
vn -0.2004 -0.7612 0.6168
vn -0.2324 -0.6591 0.7152
vn -0.2575 -0.5530 0.7924
vn 0.7186 -0.5891 -0.3696
vn 0.7521 -0.6168 -0.2320
vn 0.7707 -0.6322 -0.0792
vn 0.7707 -0.6322 0.0792
vn 0.7521 -0.6168 0.2320
vn 0.7186 -0.5891 0.3696
vn 0.6457 -0.6981 -0.3093
vn 0.6702 -0.7247 -0.1604
vn 0.5527 -0.7988 -0.2376
vn 0.6789 -0.7342 -0.0000
vn 0.5671 -0.8196 -0.0812
vn 0.4436 -0.8821 -0.1584
vn 0.6702 -0.7247 0.1604
vn 0.5671 -0.8196 0.0812
vn 0.4493 -0.8934 -0.0000
vn 0.3264 -0.9421 -0.0773
vn 0.6457 -0.6981 0.3093
vn 0.5527 -0.7988 0.2377
vn 0.4436 -0.8821 0.1584
vn 0.3264 -0.9421 0.0773
vn 0.2098 -0.9777 -0.0000
vn 0.6084 -0.6591 0.4420
vn 0.5247 -0.7612 0.3812
vn 0.4253 -0.8507 0.3090
vn 0.3161 -0.9205 0.2297
vn 0.2048 -0.9674 0.1488
vn -0.1295 -0.5891 0.7976
vn -0.0947 -0.6981 0.7097
vn -0.0552 -0.7988 0.5991
vn -0.0136 -0.8821 0.4709
vn 0.0273 -0.9421 0.3343
vn 0.0648 -0.9777 0.1996
vn 0.0118 -0.6168 0.7870
vn 0.0545 -0.7247 0.6869
vn 0.1628 -0.6322 0.7575
vn 0.0980 -0.8196 0.5645
vn 0.2098 -0.7342 0.6457
vn 0.3135 -0.6322 0.7085
vn 0.1389 -0.8934 0.4274
vn 0.2525 -0.8196 0.5142
vn 0.3597 -0.7247 0.5878
vn 0.4531 -0.6168 0.6436
vn 0.1744 -0.9421 0.2865
vn 0.2878 -0.8821 0.3730
vn 0.3968 -0.7988 0.4522
vn 0.4937 -0.6981 0.5185
vn 0.5736 -0.5891 0.5692
vt 0.181819 0.000000
vt 0.193183 0.019683
vt 0.170455 0.019683
vt 0.272728 0.157461
vt 0.284092 0.137778
vt 0.295455 0.157461
vt 0.909091 0.000000
vt 0.920455 0.019683
vt 0.897727 0.019683
vt 0.727273 0.000000
vt 0.738637 0.019683
vt 0.715909 0.019683
vt 0.545455 0.000000
vt 0.556819 0.019683
vt 0.534091 0.019683
vt 0.284092 0.177143
vt 0.090910 0.157461
vt 0.113637 0.157461
vt 0.102274 0.177143
vt 0.818182 0.157461
vt 0.840909 0.157461
vt 0.829546 0.177143
vt 0.636364 0.157461
vt 0.659091 0.157461
vt 0.647728 0.177143
vt 0.454546 0.157461
vt 0.477273 0.157461
vt 0.465910 0.177143
vt 0.261364 0.177143
vt 0.079546 0.177143
vt 0.806818 0.177143
vt 0.625000 0.177143
vt 0.443182 0.177143
vt 0.181819 0.314921
vt 0.204546 0.314921
vt 0.193183 0.334604
vt 0.000000 0.314921
vt 0.022727 0.314921
vt 0.011364 0.334604
vt 0.727273 0.314921
vt 0.750000 0.314921
vt 0.738637 0.334604
vt 0.545455 0.314921
vt 0.568182 0.314921
vt 0.556819 0.334604
vt 0.363637 0.314921
vt 0.386364 0.314921
vt 0.375001 0.334604
vt 0.443182 0.452699
vt 0.465910 0.452699
vt 0.454546 0.472382
vt 0.431819 0.433017
vt 0.454546 0.433017
vt 0.420455 0.413334
vt 0.443182 0.413334
vt 0.409092 0.393652
vt 0.431819 0.393652
vt 0.397728 0.373969
vt 0.420455 0.373969
vt 0.386364 0.354286
vt 0.409091 0.354286
vt 0.397728 0.334604
vt 0.477273 0.433017
vt 0.465910 0.413334
vt 0.488637 0.413334
vt 0.454546 0.393652
vt 0.477273 0.393652
vt 0.500000 0.393652
vt 0.443182 0.373969
vt 0.465910 0.373969
vt 0.488637 0.373969
vt 0.511364 0.373969
vt 0.431819 0.354286
vt 0.454546 0.354286
vt 0.477273 0.354286
vt 0.500000 0.354286
vt 0.522728 0.354286
vt 0.420455 0.334604
vt 0.443182 0.334604
vt 0.465910 0.334604
vt 0.488637 0.334604
vt 0.511364 0.334604
vt 0.534091 0.334604
vt 0.409091 0.314921
vt 0.431819 0.314921
vt 0.454546 0.314921
vt 0.477273 0.314921
vt 0.500000 0.314921
vt 0.522728 0.314921
vt 0.625000 0.452699
vt 0.647728 0.452699
vt 0.636364 0.472382
vt 0.613637 0.433017
vt 0.636364 0.433017
vt 0.602273 0.413334
vt 0.625000 0.413334
vt 0.590910 0.393652
vt 0.613637 0.393652
vt 0.579546 0.373969
vt 0.602273 0.373969
vt 0.568182 0.354286
vt 0.590909 0.354286
vt 0.579546 0.334604
vt 0.659091 0.433017
vt 0.647728 0.413334
vt 0.670455 0.413334
vt 0.636364 0.393652
vt 0.659091 0.393652
vt 0.681818 0.393652
vt 0.625000 0.373969
vt 0.647728 0.373969
vt 0.670455 0.373969
vt 0.693182 0.373969
vt 0.613637 0.354286
vt 0.636364 0.354286
vt 0.659091 0.354286
vt 0.681818 0.354286
vt 0.704546 0.354286
vt 0.602273 0.334604
vt 0.625000 0.334604
vt 0.647728 0.334604
vt 0.670455 0.334604
vt 0.693182 0.334604
vt 0.715909 0.334604
vt 0.590909 0.314921
vt 0.613637 0.314921
vt 0.636364 0.314921
vt 0.659091 0.314921
vt 0.681819 0.314921
vt 0.704546 0.314921
vt 0.806818 0.452699
vt 0.829546 0.452699
vt 0.818182 0.472382
vt 0.795455 0.433017
vt 0.818182 0.433017
vt 0.784091 0.413334
vt 0.806818 0.413334
vt 0.772727 0.393652
vt 0.795455 0.393652
vt 0.761364 0.373969
vt 0.784091 0.373969
vt 0.750000 0.354286
vt 0.772727 0.354286
vt 0.761364 0.334604
vt 0.840909 0.433017
vt 0.829546 0.413334
vt 0.852273 0.413334
vt 0.818182 0.393652
vt 0.840909 0.393652
vt 0.863636 0.393652
vt 0.806818 0.373969
vt 0.829546 0.373969
vt 0.852273 0.373969
vt 0.875000 0.373969
vt 0.795455 0.354286
vt 0.818182 0.354286
vt 0.840909 0.354286
vt 0.863636 0.354286
vt 0.886364 0.354286
vt 0.784091 0.334604
vt 0.806818 0.334604
vt 0.829546 0.334604
vt 0.852273 0.334604
vt 0.875000 0.334604
vt 0.897727 0.334604
vt 0.772727 0.314921
vt 0.795455 0.314921
vt 0.818182 0.314921
vt 0.840909 0.314921
vt 0.863636 0.314921
vt 0.886364 0.314921
vt 0.909091 0.314921
vt 0.079546 0.452699
vt 0.102274 0.452699
vt 0.090910 0.472382
vt 0.068182 0.433017
vt 0.090910 0.433017
vt 0.056819 0.413334
vt 0.079546 0.413334
vt 0.045455 0.393652
vt 0.068182 0.393652
vt 0.034091 0.373969
vt 0.056819 0.373969
vt 0.022727 0.354286
vt 0.045455 0.354286
vt 0.034091 0.334604
vt 0.113637 0.433017
vt 0.102274 0.413334
vt 0.125001 0.413334
vt 0.090910 0.393652
vt 0.113637 0.393652
vt 0.136365 0.393652
vt 0.079546 0.373969
vt 0.102273 0.373969
vt 0.125001 0.373969
vt 0.147728 0.373969
vt 0.068182 0.354286
vt 0.090910 0.354286
vt 0.113637 0.354286
vt 0.136364 0.354286
vt 0.159092 0.354286
vt 0.056819 0.334604
vt 0.079546 0.334604
vt 0.102273 0.334604
vt 0.125001 0.334604
vt 0.147728 0.334604
vt 0.170455 0.334604
vt 0.045455 0.314921
vt 0.068182 0.314921
vt 0.090910 0.314921
vt 0.113637 0.314921
vt 0.136364 0.314921
vt 0.159092 0.314921
vt 0.261364 0.452699
vt 0.284092 0.452699
vt 0.272728 0.472382
vt 0.250001 0.433017
vt 0.272728 0.433017
vt 0.238637 0.413334
vt 0.261364 0.413334
vt 0.227273 0.393652
vt 0.250001 0.393652
vt 0.215910 0.373969
vt 0.238637 0.373969
vt 0.204546 0.354286
vt 0.227273 0.354286
vt 0.215910 0.334604
vt 0.295455 0.433017
vt 0.284092 0.413334
vt 0.306819 0.413334
vt 0.272728 0.393652
vt 0.295455 0.393652
vt 0.318182 0.393652
vt 0.261364 0.373969
vt 0.284092 0.373969
vt 0.306819 0.373969
vt 0.329546 0.373969
vt 0.250001 0.354286
vt 0.272728 0.354286
vt 0.295455 0.354286
vt 0.318182 0.354286
vt 0.340910 0.354286
vt 0.238637 0.334604
vt 0.261364 0.334604
vt 0.284092 0.334604
vt 0.306819 0.334604
vt 0.329546 0.334604
vt 0.352273 0.334604
vt 0.227274 0.314921
vt 0.250001 0.314921
vt 0.272728 0.314921
vt 0.295455 0.314921
vt 0.318183 0.314921
vt 0.340910 0.314921
vt 0.375001 0.295238
vt 0.386364 0.275556
vt 0.397728 0.295238
vt 0.397728 0.255874
vt 0.409092 0.275556
vt 0.409092 0.236191
vt 0.420455 0.255874
vt 0.420455 0.216509
vt 0.431819 0.236191
vt 0.431819 0.196826
vt 0.443182 0.216509
vt 0.454546 0.196826
vt 0.420455 0.295238
vt 0.431819 0.275556
vt 0.443182 0.295238
vt 0.443182 0.255874
vt 0.454546 0.275556
vt 0.465910 0.295238
vt 0.454546 0.236191
vt 0.465910 0.255874
vt 0.477273 0.275556
vt 0.488637 0.295238
vt 0.465910 0.216509
vt 0.477273 0.236191
vt 0.488637 0.255874
vt 0.500000 0.275556
vt 0.511364 0.295238
vt 0.477273 0.196826
vt 0.488637 0.216508
vt 0.500000 0.236191
vt 0.511364 0.255874
vt 0.522728 0.275556
vt 0.534091 0.295238
vt 0.556819 0.295238
vt 0.568182 0.275556
vt 0.579546 0.295238
vt 0.579546 0.255874
vt 0.590910 0.275556
vt 0.590910 0.236191
vt 0.602273 0.255874
vt 0.602273 0.216509
vt 0.613637 0.236191
vt 0.613637 0.196826
vt 0.625000 0.216509
vt 0.636364 0.196826
vt 0.602273 0.295238
vt 0.613637 0.275556
vt 0.625000 0.295238
vt 0.625000 0.255874
vt 0.636364 0.275556
vt 0.647728 0.295238
vt 0.636364 0.236191
vt 0.647728 0.255874
vt 0.659091 0.275556
vt 0.670455 0.295238
vt 0.647728 0.216509
vt 0.659091 0.236191
vt 0.670455 0.255874
vt 0.681818 0.275556
vt 0.693182 0.295238
vt 0.659091 0.196826
vt 0.670455 0.216508
vt 0.681818 0.236191
vt 0.693182 0.255874
vt 0.704546 0.275556
vt 0.715909 0.295238
vt 0.738637 0.295238
vt 0.750000 0.275556
vt 0.761364 0.295238
vt 0.761364 0.255874
vt 0.772727 0.275556
vt 0.772727 0.236191
vt 0.784091 0.255874
vt 0.784091 0.216509
vt 0.795455 0.236191
vt 0.795455 0.196826
vt 0.806818 0.216509
vt 0.818182 0.196826
vt 0.784091 0.295238
vt 0.795455 0.275556
vt 0.806818 0.295238
vt 0.806818 0.255874
vt 0.818182 0.275556
vt 0.829546 0.295238
vt 0.818182 0.236191
vt 0.829546 0.255874
vt 0.840909 0.275556
vt 0.852273 0.295238
vt 0.829546 0.216509
vt 0.840909 0.236191
vt 0.852273 0.255874
vt 0.863636 0.275556
vt 0.875000 0.295238
vt 0.840909 0.196826
vt 0.852273 0.216508
vt 0.863636 0.236191
vt 0.875000 0.255874
vt 0.886364 0.275556
vt 0.897727 0.295238
vt 0.011364 0.295238
vt 0.022727 0.275556
vt 0.034091 0.295238
vt 0.034091 0.255874
vt 0.045455 0.275556
vt 0.045455 0.236191
vt 0.056819 0.255874
vt 0.056819 0.216509
vt 0.068182 0.236191
vt 0.068182 0.196826
vt 0.079546 0.216509
vt 0.090910 0.196826
vt 0.056819 0.295238
vt 0.068182 0.275556
vt 0.079546 0.295238
vt 0.079546 0.255874
vt 0.090910 0.275556
vt 0.102273 0.295238
vt 0.090910 0.236191
vt 0.102273 0.255874
vt 0.113637 0.275556
vt 0.125001 0.295238
vt 0.102274 0.216509
vt 0.113637 0.236191
vt 0.125001 0.255874
vt 0.136364 0.275556
vt 0.147728 0.295238
vt 0.113637 0.196826
vt 0.125001 0.216508
vt 0.136365 0.236191
vt 0.147728 0.255874
vt 0.159092 0.275556
vt 0.170455 0.295238
vt 0.193183 0.295238
vt 0.204546 0.275556
vt 0.215910 0.295238
vt 0.215910 0.255874
vt 0.227274 0.275556
vt 0.227273 0.236191
vt 0.238637 0.255874
vt 0.238637 0.216509
vt 0.250001 0.236191
vt 0.250001 0.196826
vt 0.261364 0.216509
vt 0.272728 0.196826
vt 0.238637 0.295238
vt 0.250001 0.275556
vt 0.261364 0.295238
vt 0.261364 0.255874
vt 0.272728 0.275556
vt 0.284092 0.295238
vt 0.272728 0.236191
vt 0.284092 0.255874
vt 0.295455 0.275556
vt 0.306819 0.295238
vt 0.284092 0.216509
vt 0.295455 0.236191
vt 0.306819 0.255874
vt 0.318182 0.275556
vt 0.329546 0.295238
vt 0.295455 0.196826
vt 0.306819 0.216508
vt 0.318182 0.236191
vt 0.329546 0.255874
vt 0.340910 0.275556
vt 0.352273 0.295238
vt 0.545455 0.275556
vt 0.534091 0.255874
vt 0.522728 0.236191
vt 0.511364 0.216508
vt 0.500000 0.196826
vt 0.488637 0.177143
vt 0.556819 0.255874
vt 0.545455 0.236191
vt 0.568182 0.236191
vt 0.534091 0.216508
vt 0.556819 0.216508
vt 0.579546 0.216508
vt 0.522728 0.196826
vt 0.545455 0.196826
vt 0.568182 0.196826
vt 0.590909 0.196826
vt 0.511364 0.177143
vt 0.534091 0.177143
vt 0.556819 0.177143
vt 0.579546 0.177143
vt 0.602273 0.177143
vt 0.500000 0.157461
vt 0.522728 0.157461
vt 0.545455 0.157461
vt 0.568182 0.157461
vt 0.590909 0.157461
vt 0.613637 0.157461
vt 0.727273 0.275556
vt 0.715909 0.255874
vt 0.704546 0.236191
vt 0.693182 0.216508
vt 0.681818 0.196826
vt 0.670455 0.177143
vt 0.738637 0.255874
vt 0.727273 0.236191
vt 0.750000 0.236191
vt 0.715909 0.216508
vt 0.738637 0.216508
vt 0.761364 0.216508
vt 0.704546 0.196826
vt 0.727273 0.196826
vt 0.750000 0.196826
vt 0.772727 0.196826
vt 0.693182 0.177143
vt 0.715909 0.177143
vt 0.738637 0.177143
vt 0.761364 0.177143
vt 0.784091 0.177143
vt 0.681818 0.157461
vt 0.704546 0.157461
vt 0.727273 0.157461
vt 0.750000 0.157461
vt 0.772727 0.157461
vt 0.795455 0.157461
vt 0.920455 0.295238
vt 0.909091 0.275556
vt 0.897727 0.255874
vt 0.886364 0.236191
vt 0.875000 0.216508
vt 0.863636 0.196826
vt 0.852273 0.177143
vt 0.931818 0.275556
vt 0.920455 0.255874
vt 0.943182 0.255874
vt 0.909091 0.236191
vt 0.931818 0.236191
vt 0.954545 0.236191
vt 0.897727 0.216508
vt 0.920455 0.216508
vt 0.943182 0.216508
vt 0.965909 0.216509
vt 0.886364 0.196826
vt 0.909091 0.196826
vt 0.931818 0.196826
vt 0.954545 0.196826
vt 0.977273 0.196826
vt 0.875000 0.177143
vt 0.897727 0.177143
vt 0.920455 0.177143
vt 0.943182 0.177143
vt 0.965909 0.177143
vt 0.988636 0.177143
vt 0.863636 0.157461
vt 0.886364 0.157461
vt 0.909091 0.157461
vt 0.931818 0.157461
vt 0.954545 0.157461
vt 0.977273 0.157461
vt 1.000000 0.157461
vt 0.181819 0.275556
vt 0.170455 0.255874
vt 0.159092 0.236191
vt 0.147728 0.216508
vt 0.136364 0.196826
vt 0.125001 0.177143
vt 0.193183 0.255874
vt 0.181819 0.236191
vt 0.204546 0.236191
vt 0.170455 0.216508
vt 0.193183 0.216508
vt 0.215910 0.216508
vt 0.159092 0.196826
vt 0.181819 0.196826
vt 0.204546 0.196826
vt 0.227273 0.196826
vt 0.147728 0.177143
vt 0.170455 0.177143
vt 0.193183 0.177143
vt 0.215910 0.177143
vt 0.238637 0.177143
vt 0.136364 0.157461
vt 0.159092 0.157461
vt 0.181819 0.157461
vt 0.204546 0.157461
vt 0.227273 0.157461
vt 0.250001 0.157461
vt 0.363637 0.275556
vt 0.352273 0.255874
vt 0.340910 0.236191
vt 0.329546 0.216508
vt 0.318182 0.196826
vt 0.306819 0.177143
vt 0.375001 0.255874
vt 0.363637 0.236191
vt 0.386364 0.236191
vt 0.352273 0.216508
vt 0.375001 0.216508
vt 0.397728 0.216508
vt 0.340910 0.196826
vt 0.363637 0.196826
vt 0.386364 0.196826
vt 0.409092 0.196826
vt 0.329546 0.177143
vt 0.352273 0.177143
vt 0.375001 0.177143
vt 0.397728 0.177143
vt 0.420455 0.177143
vt 0.318182 0.157461
vt 0.340910 0.157461
vt 0.363637 0.157461
vt 0.386364 0.157461
vt 0.409092 0.157461
vt 0.431819 0.157461
vt 0.465910 0.137778
vt 0.477273 0.118096
vt 0.488637 0.137778
vt 0.488637 0.098413
vt 0.500000 0.118096
vt 0.500000 0.078731
vt 0.511364 0.098413
vt 0.511364 0.059048
vt 0.522728 0.078731
vt 0.522728 0.039365
vt 0.534091 0.059048
vt 0.545455 0.039365
vt 0.511364 0.137778
vt 0.522728 0.118096
vt 0.534091 0.137778
vt 0.534091 0.098413
vt 0.545455 0.118096
vt 0.556819 0.137778
vt 0.545455 0.078731
vt 0.556819 0.098413
vt 0.568182 0.118096
vt 0.579546 0.137778
vt 0.556819 0.059048
vt 0.568182 0.078731
vt 0.579546 0.098413
vt 0.590909 0.118096
vt 0.602273 0.137778
vt 0.568182 0.039365
vt 0.579546 0.059048
vt 0.590910 0.078731
vt 0.602273 0.098413
vt 0.613637 0.118096
vt 0.625000 0.137778
vt 0.647728 0.137778
vt 0.659091 0.118096
vt 0.670455 0.137778
vt 0.670455 0.098413
vt 0.681818 0.118096
vt 0.681818 0.078731
vt 0.693182 0.098413
vt 0.693182 0.059048
vt 0.704546 0.078731
vt 0.704546 0.039365
vt 0.715909 0.059048
vt 0.727273 0.039365
vt 0.693182 0.137778
vt 0.704546 0.118096
vt 0.715909 0.137778
vt 0.715909 0.098413
vt 0.727273 0.118096
vt 0.738637 0.137778
vt 0.727273 0.078731
vt 0.738637 0.098413
vt 0.750000 0.118096
vt 0.761364 0.137778
vt 0.738637 0.059048
vt 0.750000 0.078731
vt 0.761364 0.098413
vt 0.772727 0.118096
vt 0.784091 0.137778
vt 0.750000 0.039365
vt 0.761364 0.059048
vt 0.772727 0.078731
vt 0.784091 0.098413
vt 0.795455 0.118096
vt 0.806818 0.137778
vt 0.829546 0.137778
vt 0.840909 0.118096
vt 0.852273 0.137778
vt 0.852273 0.098413
vt 0.863636 0.118096
vt 0.863636 0.078731
vt 0.875000 0.098413
vt 0.875000 0.059048
vt 0.886364 0.078731
vt 0.886364 0.039365
vt 0.897727 0.059048
vt 0.909091 0.039365
vt 0.875000 0.137778
vt 0.886364 0.118096
vt 0.897727 0.137778
vt 0.897727 0.098413
vt 0.909091 0.118096
vt 0.920455 0.137778
vt 0.909091 0.078731
vt 0.920455 0.098413
vt 0.931818 0.118096
vt 0.943182 0.137778
vt 0.920455 0.059048
vt 0.931818 0.078731
vt 0.943182 0.098413
vt 0.954545 0.118096
vt 0.965909 0.137778
vt 0.931818 0.039365
vt 0.943182 0.059048
vt 0.954545 0.078731
vt 0.965909 0.098413
vt 0.977273 0.118096
vt 0.988636 0.137778
vt 0.443182 0.137778
vt 0.420455 0.137778
vt 0.397728 0.137778
vt 0.375001 0.137778
vt 0.352273 0.137778
vt 0.329546 0.137778
vt 0.306819 0.137778
vt 0.431819 0.118096
vt 0.409091 0.118096
vt 0.420455 0.098413
vt 0.386364 0.118096
vt 0.397728 0.098413
vt 0.409092 0.078731
vt 0.363637 0.118096
vt 0.375001 0.098413
vt 0.386364 0.078731
vt 0.397728 0.059048
vt 0.340910 0.118096
vt 0.352273 0.098413
vt 0.363637 0.078731
vt 0.375001 0.059048
vt 0.386364 0.039365
vt 0.318182 0.118096
vt 0.329546 0.098413
vt 0.340910 0.078731
vt 0.352273 0.059048
vt 0.363637 0.039365
vt 0.375001 0.019683
vt 0.295455 0.118096
vt 0.306819 0.098413
vt 0.318182 0.078731
vt 0.329546 0.059048
vt 0.340910 0.039365
vt 0.352273 0.019683
vt 0.363637 0.000000
vt 0.102274 0.137778
vt 0.113637 0.118096
vt 0.125001 0.137778
vt 0.125001 0.098413
vt 0.136365 0.118096
vt 0.136365 0.078731
vt 0.147728 0.098413
vt 0.147728 0.059048
vt 0.159092 0.078731
vt 0.159092 0.039365
vt 0.170455 0.059048
vt 0.181819 0.039365
vt 0.147728 0.137778
vt 0.159092 0.118096
vt 0.170455 0.137778
vt 0.170455 0.098413
vt 0.181819 0.118096
vt 0.193183 0.137778
vt 0.181819 0.078731
vt 0.193183 0.098413
vt 0.204546 0.118096
vt 0.215910 0.137778
vt 0.193183 0.059048
vt 0.204546 0.078731
vt 0.215910 0.098413
vt 0.227273 0.118096
vt 0.238637 0.137778
vt 0.204546 0.039365
vt 0.215910 0.059048
vt 0.227274 0.078731
vt 0.238637 0.098413
vt 0.250001 0.118096
vt 0.261364 0.137778
s 1
f 528/577/505 547/578/506 546/579/507
f 529/580/508 553/581/509 567/582/510
f 528/583/505 546/584/507 581/585/511
f 528/586/505 581/587/511 595/588/512
f 528/589/505 595/590/512 568/591/513
f 529/580/508 567/582/510 616/592/514
f 530/593/515 560/594/516 630/595/517
f 531/596/518 588/597/519 644/598/520
f 532/599/521 602/600/522 658/601/523
f 533/602/524 609/603/525 672/604/526
f 529/580/508 616/592/514 631/605/527
f 530/593/515 630/595/517 645/606/528
f 531/596/518 644/598/520 659/607/529
f 532/599/521 658/601/523 673/608/530
f 533/602/524 672/604/526 617/609/531
f 534/610/532 686/611/533 721/612/534
f 535/613/535 693/614/536 735/615/537
f 536/616/538 700/617/539 742/618/540
f 537/619/541 707/620/542 749/621/543
f 538/622/544 714/623/545 722/624/546
f 728/625/547 743/626/548 539/627/549
f 727/628/550 750/629/551 728/625/547
f 726/630/552 751/631/553 727/628/550
f 725/632/554 753/633/555 726/630/552
f 724/634/556 756/635/557 725/632/554
f 723/636/558 760/637/559 724/634/556
f 722/624/546 765/638/560 723/636/558
f 728/625/547 750/629/551 743/626/548
f 750/629/551 744/639/561 743/626/548
f 727/628/550 751/631/553 750/629/551
f 751/631/553 752/640/562 750/629/551
f 750/629/551 752/640/562 744/639/561
f 752/640/562 745/641/563 744/639/561
f 726/630/552 753/633/555 751/631/553
f 753/633/555 754/642/564 751/631/553
f 751/631/553 754/642/564 752/640/562
f 754/642/564 755/643/565 752/640/562
f 752/640/562 755/643/565 745/641/563
f 755/643/565 746/644/566 745/641/563
f 725/632/554 756/635/557 753/633/555
f 756/635/557 757/645/567 753/633/555
f 753/633/555 757/645/567 754/642/564
f 757/645/567 758/646/568 754/642/564
f 754/642/564 758/646/568 755/643/565
f 758/646/568 759/647/569 755/643/565
f 755/643/565 759/647/569 746/644/566
f 759/647/569 747/648/570 746/644/566
f 724/634/556 760/637/559 756/635/557
f 760/637/559 761/649/571 756/635/557
f 756/635/557 761/649/571 757/645/567
f 761/649/571 762/650/572 757/645/567
f 757/645/567 762/650/572 758/646/568
f 762/650/572 763/651/573 758/646/568
f 758/646/568 763/651/573 759/647/569
f 763/651/573 764/652/574 759/647/569
f 759/647/569 764/652/574 747/648/570
f 764/652/574 748/653/575 747/648/570
f 723/636/558 765/638/560 760/637/559
f 765/638/560 766/654/576 760/637/559
f 760/637/559 766/654/576 761/649/571
f 766/654/576 767/655/577 761/649/571
f 761/649/571 767/655/577 762/650/572
f 767/655/577 768/656/578 762/650/572
f 762/650/572 768/656/578 763/651/573
f 768/656/578 769/657/579 763/651/573
f 763/651/573 769/657/579 764/652/574
f 769/657/579 770/658/580 764/652/574
f 764/652/574 770/658/580 748/653/575
f 770/658/580 749/659/543 748/653/575
f 722/624/546 714/623/545 765/638/560
f 714/623/545 713/660/581 765/638/560
f 765/638/560 713/660/581 766/654/576
f 713/660/581 712/661/582 766/654/576
f 766/654/576 712/661/582 767/655/577
f 712/661/582 711/662/583 767/655/577
f 767/655/577 711/662/583 768/656/578
f 711/662/583 710/663/584 768/656/578
f 768/656/578 710/663/584 769/657/579
f 710/663/584 709/664/585 769/657/579
f 769/657/579 709/664/585 770/658/580
f 709/664/585 708/665/586 770/658/580
f 770/658/580 708/665/586 749/659/543
f 708/665/586 537/619/541 749/659/543
f 743/666/548 736/667/587 539/668/549
f 744/669/561 771/670/588 743/666/548
f 745/671/563 772/672/589 744/669/561
f 746/673/566 774/674/590 745/671/563
f 747/675/570 777/676/591 746/673/566
f 748/677/575 781/678/592 747/675/570
f 749/621/543 786/679/593 748/677/575
f 743/666/548 771/670/588 736/667/587
f 771/670/588 737/680/594 736/667/587
f 744/669/561 772/672/589 771/670/588
f 772/672/589 773/681/595 771/670/588
f 771/670/588 773/681/595 737/680/594
f 773/681/595 738/682/596 737/680/594
f 745/671/563 774/674/590 772/672/589
f 774/674/590 775/683/597 772/672/589
f 772/672/589 775/683/597 773/681/595
f 775/683/597 776/684/598 773/681/595
f 773/681/595 776/684/598 738/682/596
f 776/684/598 739/685/599 738/682/596
f 746/673/566 777/676/591 774/674/590
f 777/676/591 778/686/600 774/674/590
f 774/674/590 778/686/600 775/683/597
f 778/686/600 779/687/601 775/683/597
f 775/683/597 779/687/601 776/684/598
f 779/687/601 780/688/602 776/684/598
f 776/684/598 780/688/602 739/685/599
f 780/688/602 740/689/603 739/685/599
f 747/675/570 781/678/592 777/676/591
f 781/678/592 782/690/604 777/676/591
f 777/676/591 782/690/604 778/686/600
f 782/690/604 783/691/605 778/686/600
f 778/686/600 783/691/605 779/687/601
f 783/691/605 784/692/606 779/687/601
f 779/687/601 784/692/606 780/688/602
f 784/692/606 785/693/607 780/688/602
f 780/688/602 785/693/607 740/689/603
f 785/693/607 741/694/608 740/689/603
f 748/677/575 786/679/593 781/678/592
f 786/679/593 787/695/609 781/678/592
f 781/678/592 787/695/609 782/690/604
f 787/695/609 788/696/610 782/690/604
f 782/690/604 788/696/610 783/691/605
f 788/696/610 789/697/611 783/691/605
f 783/691/605 789/697/611 784/692/606
f 789/697/611 790/698/612 784/692/606
f 784/692/606 790/698/612 785/693/607
f 790/698/612 791/699/613 785/693/607
f 785/693/607 791/699/613 741/694/608
f 791/699/613 742/700/540 741/694/608
f 749/621/543 707/620/542 786/679/593
f 707/620/542 706/701/614 786/679/593
f 786/679/593 706/701/614 787/695/609
f 706/701/614 705/702/615 787/695/609
f 787/695/609 705/702/615 788/696/610
f 705/702/615 704/703/616 788/696/610
f 788/696/610 704/703/616 789/697/611
f 704/703/616 703/704/617 789/697/611
f 789/697/611 703/704/617 790/698/612
f 703/704/617 702/705/618 790/698/612
f 790/698/612 702/705/618 791/699/613
f 702/705/618 701/706/619 791/699/613
f 791/699/613 701/706/619 742/700/540
f 701/706/619 536/616/538 742/700/540
f 736/707/587 729/708/620 539/709/549
f 737/710/594 792/711/621 736/707/587
f 738/712/596 793/713/622 737/710/594
f 739/714/599 795/715/623 738/712/596
f 740/716/603 798/717/624 739/714/599
f 741/718/608 802/719/625 740/716/603
f 742/618/540 807/720/626 741/718/608
f 736/707/587 792/711/621 729/708/620
f 792/711/621 730/721/627 729/708/620
f 737/710/594 793/713/622 792/711/621
f 793/713/622 794/722/628 792/711/621
f 792/711/621 794/722/628 730/721/627
f 794/722/628 731/723/629 730/721/627
f 738/712/596 795/715/623 793/713/622
f 795/715/623 796/724/630 793/713/622
f 793/713/622 796/724/630 794/722/628
f 796/724/630 797/725/631 794/722/628
f 794/722/628 797/725/631 731/723/629
f 797/725/631 732/726/632 731/723/629
f 739/714/599 798/717/624 795/715/623
f 798/717/624 799/727/633 795/715/623
f 795/715/623 799/727/633 796/724/630
f 799/727/633 800/728/634 796/724/630
f 796/724/630 800/728/634 797/725/631
f 800/728/634 801/729/635 797/725/631
f 797/725/631 801/729/635 732/726/632
f 801/729/635 733/730/636 732/726/632
f 740/716/603 802/719/625 798/717/624
f 802/719/625 803/731/637 798/717/624
f 798/717/624 803/731/637 799/727/633
f 803/731/637 804/732/638 799/727/633
f 799/727/633 804/732/638 800/728/634
f 804/732/638 805/733/639 800/728/634
f 800/728/634 805/733/639 801/729/635
f 805/733/639 806/734/640 801/729/635
f 801/729/635 806/734/640 733/730/636
f 806/734/640 734/735/641 733/730/636
f 741/718/608 807/720/626 802/719/625
f 807/720/626 808/736/642 802/719/625
f 802/719/625 808/736/642 803/731/637
f 808/736/642 809/737/643 803/731/637
f 803/731/637 809/737/643 804/732/638
f 809/737/643 810/738/644 804/732/638
f 804/732/638 810/738/644 805/733/639
f 810/738/644 811/739/645 805/733/639
f 805/733/639 811/739/645 806/734/640
f 811/739/645 812/740/646 806/734/640
f 806/734/640 812/740/646 734/735/641
f 812/740/646 735/741/537 734/735/641
f 742/618/540 700/617/539 807/720/626
f 700/617/539 699/742/647 807/720/626
f 807/720/626 699/742/647 808/736/642
f 699/742/647 698/743/648 808/736/642
f 808/736/642 698/743/648 809/737/643
f 698/743/648 697/744/649 809/737/643
f 809/737/643 697/744/649 810/738/644
f 697/744/649 696/745/650 810/738/644
f 810/738/644 696/745/650 811/739/645
f 696/745/650 695/746/651 811/739/645
f 811/739/645 695/746/651 812/740/646
f 695/746/651 694/747/652 812/740/646
f 812/740/646 694/747/652 735/741/537
f 694/747/652 535/748/535 735/741/537
f 729/749/620 715/750/653 539/751/549
f 730/752/627 813/753/654 729/749/620
f 731/754/629 814/755/655 730/752/627
f 732/756/632 816/757/656 731/754/629
f 733/758/636 819/759/657 732/756/632
f 734/760/641 823/761/658 733/758/636
f 735/615/537 828/762/659 734/760/641
f 729/749/620 813/753/654 715/750/653
f 813/753/654 716/763/660 715/750/653
f 730/752/627 814/755/655 813/753/654
f 814/755/655 815/764/661 813/753/654
f 813/753/654 815/764/661 716/763/660
f 815/764/661 717/765/662 716/763/660
f 731/754/629 816/757/656 814/755/655
f 816/757/656 817/766/663 814/755/655
f 814/755/655 817/766/663 815/764/661
f 817/766/663 818/767/664 815/764/661
f 815/764/661 818/767/664 717/765/662
f 818/767/664 718/768/665 717/765/662
f 732/756/632 819/759/657 816/757/656
f 819/759/657 820/769/666 816/757/656
f 816/757/656 820/769/666 817/766/663
f 820/769/666 821/770/667 817/766/663
f 817/766/663 821/770/667 818/767/664
f 821/770/667 822/771/668 818/767/664
f 818/767/664 822/771/668 718/768/665
f 822/771/668 719/772/669 718/768/665
f 733/758/636 823/761/658 819/759/657
f 823/761/658 824/773/670 819/759/657
f 819/759/657 824/773/670 820/769/666
f 824/773/670 825/774/671 820/769/666
f 820/769/666 825/774/671 821/770/667
f 825/774/671 826/775/672 821/770/667
f 821/770/667 826/775/672 822/771/668
f 826/775/672 827/776/673 822/771/668
f 822/771/668 827/776/673 719/772/669
f 827/776/673 720/777/674 719/772/669
f 734/760/641 828/762/659 823/761/658
f 828/762/659 829/778/675 823/761/658
f 823/761/658 829/778/675 824/773/670
f 829/778/675 830/779/676 824/773/670
f 824/773/670 830/779/676 825/774/671
f 830/779/676 831/780/677 825/774/671
f 825/774/671 831/780/677 826/775/672
f 831/780/677 832/781/678 826/775/672
f 826/775/672 832/781/678 827/776/673
f 832/781/678 833/782/679 827/776/673
f 827/776/673 833/782/679 720/777/674
f 833/782/679 721/783/534 720/777/674
f 735/615/537 693/614/536 828/762/659
f 693/614/536 692/784/680 828/762/659
f 828/762/659 692/784/680 829/778/675
f 692/784/680 691/785/681 829/778/675
f 829/778/675 691/785/681 830/779/676
f 691/785/681 690/786/682 830/779/676
f 830/779/676 690/786/682 831/780/677
f 690/786/682 689/787/683 831/780/677
f 831/780/677 689/787/683 832/781/678
f 689/787/683 688/788/684 832/781/678
f 832/781/678 688/788/684 833/782/679
f 688/788/684 687/789/685 833/782/679
f 833/782/679 687/789/685 721/783/534
f 687/789/685 534/610/532 721/783/534
f 715/790/653 728/791/547 539/792/549
f 716/793/660 834/794/686 715/790/653
f 717/795/662 835/796/687 716/793/660
f 718/797/665 837/798/688 717/795/662
f 719/799/669 840/800/689 718/797/665
f 720/801/674 844/802/690 719/799/669
f 721/612/534 849/803/691 720/801/674
f 715/790/653 834/794/686 728/791/547
f 834/794/686 727/804/550 728/791/547
f 716/793/660 835/796/687 834/794/686
f 835/796/687 836/805/692 834/794/686
f 834/794/686 836/805/692 727/804/550
f 836/805/692 726/806/552 727/804/550
f 717/795/662 837/798/688 835/796/687
f 837/798/688 838/807/693 835/796/687
f 835/796/687 838/807/693 836/805/692
f 838/807/693 839/808/694 836/805/692
f 836/805/692 839/808/694 726/806/552
f 839/808/694 725/809/554 726/806/552
f 718/797/665 840/800/689 837/798/688
f 840/800/689 841/810/695 837/798/688
f 837/798/688 841/810/695 838/807/693
f 841/810/695 842/811/696 838/807/693
f 838/807/693 842/811/696 839/808/694
f 842/811/696 843/812/697 839/808/694
f 839/808/694 843/812/697 725/809/554
f 843/812/697 724/813/556 725/809/554
f 719/799/669 844/802/690 840/800/689
f 844/802/690 845/814/698 840/800/689
f 840/800/689 845/814/698 841/810/695
f 845/814/698 846/815/699 841/810/695
f 841/810/695 846/815/699 842/811/696
f 846/815/699 847/816/700 842/811/696
f 842/811/696 847/816/700 843/812/697
f 847/816/700 848/817/701 843/812/697
f 843/812/697 848/817/701 724/813/556
f 848/817/701 723/818/558 724/813/556
f 720/801/674 849/803/691 844/802/690
f 849/803/691 850/819/702 844/802/690
f 844/802/690 850/819/702 845/814/698
f 850/819/702 851/820/703 845/814/698
f 845/814/698 851/820/703 846/815/699
f 851/820/703 852/821/704 846/815/699
f 846/815/699 852/821/704 847/816/700
f 852/821/704 853/822/705 847/816/700
f 847/816/700 853/822/705 848/817/701
f 853/822/705 854/823/706 848/817/701
f 848/817/701 854/823/706 723/818/558
f 854/823/706 722/824/546 723/818/558
f 721/612/534 686/611/533 849/803/691
f 686/611/533 685/825/707 849/803/691
f 849/803/691 685/825/707 850/819/702
f 685/825/707 684/826/708 850/819/702
f 850/819/702 684/826/708 851/820/703
f 684/826/708 683/827/709 851/820/703
f 851/820/703 683/827/709 852/821/704
f 683/827/709 682/828/710 852/821/704
f 852/821/704 682/828/710 853/822/705
f 682/828/710 681/829/711 853/822/705
f 853/822/705 681/829/711 854/823/706
f 681/829/711 680/830/712 854/823/706
f 854/823/706 680/830/712 722/824/546
f 680/830/712 538/622/544 722/824/546
f 623/831/713 714/623/545 538/622/544
f 622/832/714 855/833/715 623/831/713
f 621/834/716 856/835/717 622/832/714
f 620/836/718 858/837/719 621/834/716
f 619/838/720 861/839/721 620/836/718
f 618/840/722 865/841/723 619/838/720
f 617/609/531 870/842/724 618/840/722
f 623/831/713 855/833/715 714/623/545
f 855/833/715 713/660/581 714/623/545
f 622/832/714 856/835/717 855/833/715
f 856/835/717 857/843/725 855/833/715
f 855/833/715 857/843/725 713/660/581
f 857/843/725 712/661/582 713/660/581
f 621/834/716 858/837/719 856/835/717
f 858/837/719 859/844/726 856/835/717
f 856/835/717 859/844/726 857/843/725
f 859/844/726 860/845/727 857/843/725
f 857/843/725 860/845/727 712/661/582
f 860/845/727 711/662/583 712/661/582
f 620/836/718 861/839/721 858/837/719
f 861/839/721 862/846/728 858/837/719
f 858/837/719 862/846/728 859/844/726
f 862/846/728 863/847/729 859/844/726
f 859/844/726 863/847/729 860/845/727
f 863/847/729 864/848/730 860/845/727
f 860/845/727 864/848/730 711/662/583
f 864/848/730 710/663/584 711/662/583
f 619/838/720 865/841/723 861/839/721
f 865/841/723 866/849/731 861/839/721
f 861/839/721 866/849/731 862/846/728
f 866/849/731 867/850/732 862/846/728
f 862/846/728 867/850/732 863/847/729
f 867/850/732 868/851/733 863/847/729
f 863/847/729 868/851/733 864/848/730
f 868/851/733 869/852/734 864/848/730
f 864/848/730 869/852/734 710/663/584
f 869/852/734 709/664/585 710/663/584
f 618/840/722 870/842/724 865/841/723
f 870/842/724 871/853/735 865/841/723
f 865/841/723 871/853/735 866/849/731
f 871/853/735 872/854/736 866/849/731
f 866/849/731 872/854/736 867/850/732
f 872/854/736 873/855/737 867/850/732
f 867/850/732 873/855/737 868/851/733
f 873/855/737 874/856/738 868/851/733
f 868/851/733 874/856/738 869/852/734
f 874/856/738 875/857/739 869/852/734
f 869/852/734 875/857/739 709/664/585
f 875/857/739 708/665/586 709/664/585
f 617/609/531 672/604/526 870/842/724
f 672/604/526 671/858/740 870/842/724
f 870/842/724 671/858/740 871/853/735
f 671/858/740 670/859/741 871/853/735
f 871/853/735 670/859/741 872/854/736
f 670/859/741 669/860/742 872/854/736
f 872/854/736 669/860/742 873/855/737
f 669/860/742 668/861/743 873/855/737
f 873/855/737 668/861/743 874/856/738
f 668/861/743 667/862/744 874/856/738
f 874/856/738 667/862/744 875/857/739
f 667/862/744 666/863/745 875/857/739
f 875/857/739 666/863/745 708/665/586
f 666/863/745 537/619/541 708/665/586
f 679/864/746 707/620/542 537/619/541
f 678/865/747 876/866/748 679/864/746
f 677/867/749 877/868/750 678/865/747
f 676/869/751 879/870/752 677/867/749
f 675/871/753 882/872/754 676/869/751
f 674/873/755 886/874/756 675/871/753
f 673/608/530 891/875/757 674/873/755
f 679/864/746 876/866/748 707/620/542
f 876/866/748 706/701/614 707/620/542
f 678/865/747 877/868/750 876/866/748
f 877/868/750 878/876/758 876/866/748
f 876/866/748 878/876/758 706/701/614
f 878/876/758 705/702/615 706/701/614
f 677/867/749 879/870/752 877/868/750
f 879/870/752 880/877/759 877/868/750
f 877/868/750 880/877/759 878/876/758
f 880/877/759 881/878/760 878/876/758
f 878/876/758 881/878/760 705/702/615
f 881/878/760 704/703/616 705/702/615
f 676/869/751 882/872/754 879/870/752
f 882/872/754 883/879/761 879/870/752
f 879/870/752 883/879/761 880/877/759
f 883/879/761 884/880/762 880/877/759
f 880/877/759 884/880/762 881/878/760
f 884/880/762 885/881/763 881/878/760
f 881/878/760 885/881/763 704/703/616
f 885/881/763 703/704/617 704/703/616
f 675/871/753 886/874/756 882/872/754
f 886/874/756 887/882/764 882/872/754
f 882/872/754 887/882/764 883/879/761
f 887/882/764 888/883/765 883/879/761
f 883/879/761 888/883/765 884/880/762
f 888/883/765 889/884/766 884/880/762
f 884/880/762 889/884/766 885/881/763
f 889/884/766 890/885/767 885/881/763
f 885/881/763 890/885/767 703/704/617
f 890/885/767 702/705/618 703/704/617
f 674/873/755 891/875/757 886/874/756
f 891/875/757 892/886/768 886/874/756
f 886/874/756 892/886/768 887/882/764
f 892/886/768 893/887/769 887/882/764
f 887/882/764 893/887/769 888/883/765
f 893/887/769 894/888/770 888/883/765
f 888/883/765 894/888/770 889/884/766
f 894/888/770 895/889/771 889/884/766
f 889/884/766 895/889/771 890/885/767
f 895/889/771 896/890/772 890/885/767
f 890/885/767 896/890/772 702/705/618
f 896/890/772 701/706/619 702/705/618
f 673/608/530 658/601/523 891/875/757
f 658/601/523 657/891/773 891/875/757
f 891/875/757 657/891/773 892/886/768
f 657/891/773 656/892/774 892/886/768
f 892/886/768 656/892/774 893/887/769
f 656/892/774 655/893/775 893/887/769
f 893/887/769 655/893/775 894/888/770
f 655/893/775 654/894/776 894/888/770
f 894/888/770 654/894/776 895/889/771
f 654/894/776 653/895/777 895/889/771
f 895/889/771 653/895/777 896/890/772
f 653/895/777 652/896/778 896/890/772
f 896/890/772 652/896/778 701/706/619
f 652/896/778 536/616/538 701/706/619
f 665/897/779 700/617/539 536/616/538
f 664/898/780 897/899/781 665/897/779
f 663/900/782 898/901/783 664/898/780
f 662/902/784 900/903/785 663/900/782
f 661/904/786 903/905/787 662/902/784
f 660/906/788 907/907/789 661/904/786
f 659/607/529 912/908/790 660/906/788
f 665/897/779 897/899/781 700/617/539
f 897/899/781 699/742/647 700/617/539
f 664/898/780 898/901/783 897/899/781
f 898/901/783 899/909/791 897/899/781
f 897/899/781 899/909/791 699/742/647
f 899/909/791 698/743/648 699/742/647
f 663/900/782 900/903/785 898/901/783
f 900/903/785 901/910/792 898/901/783
f 898/901/783 901/910/792 899/909/791
f 901/910/792 902/911/793 899/909/791
f 899/909/791 902/911/793 698/743/648
f 902/911/793 697/744/649 698/743/648
f 662/902/784 903/905/787 900/903/785
f 903/905/787 904/912/794 900/903/785
f 900/903/785 904/912/794 901/910/792
f 904/912/794 905/913/795 901/910/792
f 901/910/792 905/913/795 902/911/793
f 905/913/795 906/914/796 902/911/793
f 902/911/793 906/914/796 697/744/649
f 906/914/796 696/745/650 697/744/649
f 661/904/786 907/907/789 903/905/787
f 907/907/789 908/915/797 903/905/787
f 903/905/787 908/915/797 904/912/794
f 908/915/797 909/916/798 904/912/794
f 904/912/794 909/916/798 905/913/795
f 909/916/798 910/917/799 905/913/795
f 905/913/795 910/917/799 906/914/796
f 910/917/799 911/918/800 906/914/796
f 906/914/796 911/918/800 696/745/650
f 911/918/800 695/746/651 696/745/650
f 660/906/788 912/908/790 907/907/789
f 912/908/790 913/919/801 907/907/789
f 907/907/789 913/919/801 908/915/797
f 913/919/801 914/920/802 908/915/797
f 908/915/797 914/920/802 909/916/798
f 914/920/802 915/921/803 909/916/798
f 909/916/798 915/921/803 910/917/799
f 915/921/803 916/922/804 910/917/799
f 910/917/799 916/922/804 911/918/800
f 916/922/804 917/923/805 911/918/800
f 911/918/800 917/923/805 695/746/651
f 917/923/805 694/747/652 695/746/651
f 659/607/529 644/598/520 912/908/790
f 644/598/520 643/924/806 912/908/790
f 912/908/790 643/924/806 913/919/801
f 643/924/806 642/925/807 913/919/801
f 913/919/801 642/925/807 914/920/802
f 642/925/807 641/926/808 914/920/802
f 914/920/802 641/926/808 915/921/803
f 641/926/808 640/927/809 915/921/803
f 915/921/803 640/927/809 916/922/804
f 640/927/809 639/928/810 916/922/804
f 916/922/804 639/928/810 917/923/805
f 639/928/810 638/929/811 917/923/805
f 917/923/805 638/929/811 694/747/652
f 638/929/811 535/748/535 694/747/652
f 651/930/812 693/614/536 535/613/535
f 650/931/813 918/932/814 651/930/812
f 649/933/815 919/934/816 650/931/813
f 648/935/817 921/936/818 649/933/815
f 647/937/819 924/938/820 648/935/817
f 646/939/821 928/940/822 647/937/819
f 645/606/528 933/941/823 646/939/821
f 651/930/812 918/932/814 693/614/536
f 918/932/814 692/784/680 693/614/536
f 650/931/813 919/934/816 918/932/814
f 919/934/816 920/942/824 918/932/814
f 918/932/814 920/942/824 692/784/680
f 920/942/824 691/785/681 692/784/680
f 649/933/815 921/936/818 919/934/816
f 921/936/818 922/943/825 919/934/816
f 919/934/816 922/943/825 920/942/824
f 922/943/825 923/944/826 920/942/824
f 920/942/824 923/944/826 691/785/681
f 923/944/826 690/786/682 691/785/681
f 648/935/817 924/938/820 921/936/818
f 924/938/820 925/945/827 921/936/818
f 921/936/818 925/945/827 922/943/825
f 925/945/827 926/946/828 922/943/825
f 922/943/825 926/946/828 923/944/826
f 926/946/828 927/947/829 923/944/826
f 923/944/826 927/947/829 690/786/682
f 927/947/829 689/787/683 690/786/682
f 647/937/819 928/940/822 924/938/820
f 928/940/822 929/948/830 924/938/820
f 924/938/820 929/948/830 925/945/827
f 929/948/830 930/949/831 925/945/827
f 925/945/827 930/949/831 926/946/828
f 930/949/831 931/950/832 926/946/828
f 926/946/828 931/950/832 927/947/829
f 931/950/832 932/951/833 927/947/829
f 927/947/829 932/951/833 689/787/683
f 932/951/833 688/788/684 689/787/683
f 646/939/821 933/941/823 928/940/822
f 933/941/823 934/952/834 928/940/822
f 928/940/822 934/952/834 929/948/830
f 934/952/834 935/953/835 929/948/830
f 929/948/830 935/953/835 930/949/831
f 935/953/835 936/954/836 930/949/831
f 930/949/831 936/954/836 931/950/832
f 936/954/836 937/955/837 931/950/832
f 931/950/832 937/955/837 932/951/833
f 937/955/837 938/956/838 932/951/833
f 932/951/833 938/956/838 688/788/684
f 938/956/838 687/789/685 688/788/684
f 645/606/528 630/595/517 933/941/823
f 630/595/517 629/957/839 933/941/823
f 933/941/823 629/957/839 934/952/834
f 629/957/839 628/958/840 934/952/834
f 934/952/834 628/958/840 935/953/835
f 628/958/840 627/959/841 935/953/835
f 935/953/835 627/959/841 936/954/836
f 627/959/841 626/960/842 936/954/836
f 936/954/836 626/960/842 937/955/837
f 626/960/842 625/961/843 937/955/837
f 937/955/837 625/961/843 938/956/838
f 625/961/843 624/962/844 938/956/838
f 938/956/838 624/962/844 687/789/685
f 624/962/844 534/610/532 687/789/685
f 637/963/845 686/611/533 534/610/532
f 636/964/846 939/965/847 637/963/845
f 635/966/848 940/967/849 636/964/846
f 634/968/850 942/969/851 635/966/848
f 633/970/852 945/971/853 634/968/850
f 632/972/854 949/973/855 633/970/852
f 631/605/527 954/974/856 632/972/854
f 637/963/845 939/965/847 686/611/533
f 939/965/847 685/825/707 686/611/533
f 636/964/846 940/967/849 939/965/847
f 940/967/849 941/975/857 939/965/847
f 939/965/847 941/975/857 685/825/707
f 941/975/857 684/826/708 685/825/707
f 635/966/848 942/969/851 940/967/849
f 942/969/851 943/976/858 940/967/849
f 940/967/849 943/976/858 941/975/857
f 943/976/858 944/977/859 941/975/857
f 941/975/857 944/977/859 684/826/708
f 944/977/859 683/827/709 684/826/708
f 634/968/850 945/971/853 942/969/851
f 945/971/853 946/978/860 942/969/851
f 942/969/851 946/978/860 943/976/858
f 946/978/860 947/979/861 943/976/858
f 943/976/858 947/979/861 944/977/859
f 947/979/861 948/980/862 944/977/859
f 944/977/859 948/980/862 683/827/709
f 948/980/862 682/828/710 683/827/709
f 633/970/852 949/973/855 945/971/853
f 949/973/855 950/981/863 945/971/853
f 945/971/853 950/981/863 946/978/860
f 950/981/863 951/982/864 946/978/860
f 946/978/860 951/982/864 947/979/861
f 951/982/864 952/983/865 947/979/861
f 947/979/861 952/983/865 948/980/862
f 952/983/865 953/984/866 948/980/862
f 948/980/862 953/984/866 682/828/710
f 953/984/866 681/829/711 682/828/710
f 632/972/854 954/974/856 949/973/855
f 954/974/856 955/985/867 949/973/855
f 949/973/855 955/985/867 950/981/863
f 955/985/867 956/986/868 950/981/863
f 950/981/863 956/986/868 951/982/864
f 956/986/868 957/987/869 951/982/864
f 951/982/864 957/987/869 952/983/865
f 957/987/869 958/988/870 952/983/865
f 952/983/865 958/988/870 953/984/866
f 958/988/870 959/989/871 953/984/866
f 953/984/866 959/989/871 681/829/711
f 959/989/871 680/830/712 681/829/711
f 631/605/527 616/592/514 954/974/856
f 616/592/514 615/990/872 954/974/856
f 954/974/856 615/990/872 955/985/867
f 615/990/872 614/991/873 955/985/867
f 955/985/867 614/991/873 956/986/868
f 614/991/873 613/992/874 956/986/868
f 956/986/868 613/992/874 957/987/869
f 613/992/874 612/993/875 957/987/869
f 957/987/869 612/993/875 958/988/870
f 612/993/875 611/994/876 958/988/870
f 958/988/870 611/994/876 959/989/871
f 611/994/876 610/995/877 959/989/871
f 959/989/871 610/995/877 680/830/712
f 610/995/877 538/622/544 680/830/712
f 666/863/745 679/864/746 537/619/541
f 667/862/744 960/996/878 666/863/745
f 668/861/743 961/997/879 667/862/744
f 669/860/742 963/998/880 668/861/743
f 670/859/741 966/999/881 669/860/742
f 671/858/740 970/1000/882 670/859/741
f 672/604/526 975/1001/883 671/858/740
f 666/863/745 960/996/878 679/864/746
f 960/996/878 678/865/747 679/864/746
f 667/862/744 961/997/879 960/996/878
f 961/997/879 962/1002/884 960/996/878
f 960/996/878 962/1002/884 678/865/747
f 962/1002/884 677/867/749 678/865/747
f 668/861/743 963/998/880 961/997/879
f 963/998/880 964/1003/885 961/997/879
f 961/997/879 964/1003/885 962/1002/884
f 964/1003/885 965/1004/886 962/1002/884
f 962/1002/884 965/1004/886 677/867/749
f 965/1004/886 676/869/751 677/867/749
f 669/860/742 966/999/881 963/998/880
f 966/999/881 967/1005/887 963/998/880
f 963/998/880 967/1005/887 964/1003/885
f 967/1005/887 968/1006/888 964/1003/885
f 964/1003/885 968/1006/888 965/1004/886
f 968/1006/888 969/1007/889 965/1004/886
f 965/1004/886 969/1007/889 676/869/751
f 969/1007/889 675/871/753 676/869/751
f 670/859/741 970/1000/882 966/999/881
f 970/1000/882 971/1008/890 966/999/881
f 966/999/881 971/1008/890 967/1005/887
f 971/1008/890 972/1009/891 967/1005/887
f 967/1005/887 972/1009/891 968/1006/888
f 972/1009/891 973/1010/892 968/1006/888
f 968/1006/888 973/1010/892 969/1007/889
f 973/1010/892 974/1011/893 969/1007/889
f 969/1007/889 974/1011/893 675/871/753
f 974/1011/893 674/873/755 675/871/753
f 671/858/740 975/1001/883 970/1000/882
f 975/1001/883 976/1012/894 970/1000/882
f 970/1000/882 976/1012/894 971/1008/890
f 976/1012/894 977/1013/895 971/1008/890
f 971/1008/890 977/1013/895 972/1009/891
f 977/1013/895 978/1014/896 972/1009/891
f 972/1009/891 978/1014/896 973/1010/892
f 978/1014/896 979/1015/897 973/1010/892
f 973/1010/892 979/1015/897 974/1011/893
f 979/1015/897 980/1016/898 974/1011/893
f 974/1011/893 980/1016/898 674/873/755
f 980/1016/898 673/608/530 674/873/755
f 672/604/526 609/603/525 975/1001/883
f 609/603/525 608/1017/899 975/1001/883
f 975/1001/883 608/1017/899 976/1012/894
f 608/1017/899 607/1018/900 976/1012/894
f 976/1012/894 607/1018/900 977/1013/895
f 607/1018/900 606/1019/901 977/1013/895
f 977/1013/895 606/1019/901 978/1014/896
f 606/1019/901 605/1020/902 978/1014/896
f 978/1014/896 605/1020/902 979/1015/897
f 605/1020/902 604/1021/903 979/1015/897
f 979/1015/897 604/1021/903 980/1016/898
f 604/1021/903 603/1022/904 980/1016/898
f 980/1016/898 603/1022/904 673/608/530
f 603/1022/904 532/599/521 673/608/530
f 652/896/778 665/897/779 536/616/538
f 653/895/777 981/1023/905 652/896/778
f 654/894/776 982/1024/906 653/895/777
f 655/893/775 984/1025/907 654/894/776
f 656/892/774 987/1026/908 655/893/775
f 657/891/773 991/1027/909 656/892/774
f 658/601/523 996/1028/910 657/891/773
f 652/896/778 981/1023/905 665/897/779
f 981/1023/905 664/898/780 665/897/779
f 653/895/777 982/1024/906 981/1023/905
f 982/1024/906 983/1029/911 981/1023/905
f 981/1023/905 983/1029/911 664/898/780
f 983/1029/911 663/900/782 664/898/780
f 654/894/776 984/1025/907 982/1024/906
f 984/1025/907 985/1030/912 982/1024/906
f 982/1024/906 985/1030/912 983/1029/911
f 985/1030/912 986/1031/913 983/1029/911
f 983/1029/911 986/1031/913 663/900/782
f 986/1031/913 662/902/784 663/900/782
f 655/893/775 987/1026/908 984/1025/907
f 987/1026/908 988/1032/914 984/1025/907
f 984/1025/907 988/1032/914 985/1030/912
f 988/1032/914 989/1033/915 985/1030/912
f 985/1030/912 989/1033/915 986/1031/913
f 989/1033/915 990/1034/916 986/1031/913
f 986/1031/913 990/1034/916 662/902/784
f 990/1034/916 661/904/786 662/902/784
f 656/892/774 991/1027/909 987/1026/908
f 991/1027/909 992/1035/917 987/1026/908
f 987/1026/908 992/1035/917 988/1032/914
f 992/1035/917 993/1036/918 988/1032/914
f 988/1032/914 993/1036/918 989/1033/915
f 993/1036/918 994/1037/919 989/1033/915
f 989/1033/915 994/1037/919 990/1034/916
f 994/1037/919 995/1038/920 990/1034/916
f 990/1034/916 995/1038/920 661/904/786
f 995/1038/920 660/906/788 661/904/786
f 657/891/773 996/1028/910 991/1027/909
f 996/1028/910 997/1039/921 991/1027/909
f 991/1027/909 997/1039/921 992/1035/917
f 997/1039/921 998/1040/922 992/1035/917
f 992/1035/917 998/1040/922 993/1036/918
f 998/1040/922 999/1041/923 993/1036/918
f 993/1036/918 999/1041/923 994/1037/919
f 999/1041/923 1000/1042/924 994/1037/919
f 994/1037/919 1000/1042/924 995/1038/920
f 1000/1042/924 1001/1043/925 995/1038/920
f 995/1038/920 1001/1043/925 660/906/788
f 1001/1043/925 659/607/529 660/906/788
f 658/601/523 602/600/522 996/1028/910
f 602/600/522 601/1044/926 996/1028/910
f 996/1028/910 601/1044/926 997/1039/921
f 601/1044/926 600/1045/927 997/1039/921
f 997/1039/921 600/1045/927 998/1040/922
f 600/1045/927 599/1046/928 998/1040/922
f 998/1040/922 599/1046/928 999/1041/923
f 599/1046/928 598/1047/929 999/1041/923
f 999/1041/923 598/1047/929 1000/1042/924
f 598/1047/929 597/1048/930 1000/1042/924
f 1000/1042/924 597/1048/930 1001/1043/925
f 597/1048/930 596/1049/931 1001/1043/925
f 1001/1043/925 596/1049/931 659/607/529
f 596/1049/931 531/596/518 659/607/529
f 638/929/811 651/1050/812 535/748/535
f 639/928/810 1002/1051/932 638/929/811
f 640/927/809 1003/1052/933 639/928/810
f 641/926/808 1005/1053/934 640/927/809
f 642/925/807 1008/1054/935 641/926/808
f 643/924/806 1012/1055/936 642/925/807
f 644/598/520 1017/1056/937 643/924/806
f 638/929/811 1002/1051/932 651/1050/812
f 1002/1051/932 650/1057/813 651/1050/812
f 639/928/810 1003/1052/933 1002/1051/932
f 1003/1052/933 1004/1058/938 1002/1051/932
f 1002/1051/932 1004/1058/938 650/1057/813
f 1004/1058/938 649/1059/815 650/1057/813
f 640/927/809 1005/1053/934 1003/1052/933
f 1005/1053/934 1006/1060/939 1003/1052/933
f 1003/1052/933 1006/1060/939 1004/1058/938
f 1006/1060/939 1007/1061/940 1004/1058/938
f 1004/1058/938 1007/1061/940 649/1059/815
f 1007/1061/940 648/1062/817 649/1059/815
f 641/926/808 1008/1054/935 1005/1053/934
f 1008/1054/935 1009/1063/941 1005/1053/934
f 1005/1053/934 1009/1063/941 1006/1060/939
f 1009/1063/941 1010/1064/942 1006/1060/939
f 1006/1060/939 1010/1064/942 1007/1061/940
f 1010/1064/942 1011/1065/943 1007/1061/940
f 1007/1061/940 1011/1065/943 648/1062/817
f 1011/1065/943 647/1066/819 648/1062/817
f 642/925/807 1012/1055/936 1008/1054/935
f 1012/1055/936 1013/1067/944 1008/1054/935
f 1008/1054/935 1013/1067/944 1009/1063/941
f 1013/1067/944 1014/1068/945 1009/1063/941
f 1009/1063/941 1014/1068/945 1010/1064/942
f 1014/1068/945 1015/1069/946 1010/1064/942
f 1010/1064/942 1015/1069/946 1011/1065/943
f 1015/1069/946 1016/1070/947 1011/1065/943
f 1011/1065/943 1016/1070/947 647/1066/819
f 1016/1070/947 646/1071/821 647/1066/819
f 643/924/806 1017/1056/937 1012/1055/936
f 1017/1056/937 1018/1072/948 1012/1055/936
f 1012/1055/936 1018/1072/948 1013/1067/944
f 1018/1072/948 1019/1073/949 1013/1067/944
f 1013/1067/944 1019/1073/949 1014/1068/945
f 1019/1073/949 1020/1074/950 1014/1068/945
f 1014/1068/945 1020/1074/950 1015/1069/946
f 1020/1074/950 1021/1075/951 1015/1069/946
f 1015/1069/946 1021/1075/951 1016/1070/947
f 1021/1075/951 1022/1076/952 1016/1070/947
f 1016/1070/947 1022/1076/952 646/1071/821
f 1022/1076/952 645/1077/528 646/1071/821
f 644/598/520 588/597/519 1017/1056/937
f 588/597/519 587/1078/953 1017/1056/937
f 1017/1056/937 587/1078/953 1018/1072/948
f 587/1078/953 586/1079/954 1018/1072/948
f 1018/1072/948 586/1079/954 1019/1073/949
f 586/1079/954 585/1080/955 1019/1073/949
f 1019/1073/949 585/1080/955 1020/1074/950
f 585/1080/955 584/1081/956 1020/1074/950
f 1020/1074/950 584/1081/956 1021/1075/951
f 584/1081/956 583/1082/957 1021/1075/951
f 1021/1075/951 583/1082/957 1022/1076/952
f 583/1082/957 582/1083/958 1022/1076/952
f 1022/1076/952 582/1083/958 645/1077/528
f 582/1083/958 530/1084/515 645/1077/528
f 624/962/844 637/963/845 534/610/532
f 625/961/843 1023/1085/959 624/962/844
f 626/960/842 1024/1086/960 625/961/843
f 627/959/841 1026/1087/961 626/960/842
f 628/958/840 1029/1088/962 627/959/841
f 629/957/839 1033/1089/963 628/958/840
f 630/595/517 1038/1090/964 629/957/839
f 624/962/844 1023/1085/959 637/963/845
f 1023/1085/959 636/964/846 637/963/845
f 625/961/843 1024/1086/960 1023/1085/959
f 1024/1086/960 1025/1091/965 1023/1085/959
f 1023/1085/959 1025/1091/965 636/964/846
f 1025/1091/965 635/966/848 636/964/846
f 626/960/842 1026/1087/961 1024/1086/960
f 1026/1087/961 1027/1092/966 1024/1086/960
f 1024/1086/960 1027/1092/966 1025/1091/965
f 1027/1092/966 1028/1093/967 1025/1091/965
f 1025/1091/965 1028/1093/967 635/966/848
f 1028/1093/967 634/968/850 635/966/848
f 627/959/841 1029/1088/962 1026/1087/961
f 1029/1088/962 1030/1094/968 1026/1087/961
f 1026/1087/961 1030/1094/968 1027/1092/966
f 1030/1094/968 1031/1095/969 1027/1092/966
f 1027/1092/966 1031/1095/969 1028/1093/967
f 1031/1095/969 1032/1096/970 1028/1093/967
f 1028/1093/967 1032/1096/970 634/968/850
f 1032/1096/970 633/970/852 634/968/850
f 628/958/840 1033/1089/963 1029/1088/962
f 1033/1089/963 1034/1097/971 1029/1088/962
f 1029/1088/962 1034/1097/971 1030/1094/968
f 1034/1097/971 1035/1098/972 1030/1094/968
f 1030/1094/968 1035/1098/972 1031/1095/969
f 1035/1098/972 1036/1099/973 1031/1095/969
f 1031/1095/969 1036/1099/973 1032/1096/970
f 1036/1099/973 1037/1100/974 1032/1096/970
f 1032/1096/970 1037/1100/974 633/970/852
f 1037/1100/974 632/972/854 633/970/852
f 629/957/839 1038/1090/964 1033/1089/963
f 1038/1090/964 1039/1101/975 1033/1089/963
f 1033/1089/963 1039/1101/975 1034/1097/971
f 1039/1101/975 1040/1102/976 1034/1097/971
f 1034/1097/971 1040/1102/976 1035/1098/972
f 1040/1102/976 1041/1103/977 1035/1098/972
f 1035/1098/972 1041/1103/977 1036/1099/973
f 1041/1103/977 1042/1104/978 1036/1099/973
f 1036/1099/973 1042/1104/978 1037/1100/974
f 1042/1104/978 1043/1105/979 1037/1100/974
f 1037/1100/974 1043/1105/979 632/972/854
f 1043/1105/979 631/605/527 632/972/854
f 630/595/517 560/594/516 1038/1090/964
f 560/594/516 559/1106/980 1038/1090/964
f 1038/1090/964 559/1106/980 1039/1101/975
f 559/1106/980 558/1107/981 1039/1101/975
f 1039/1101/975 558/1107/981 1040/1102/976
f 558/1107/981 557/1108/982 1040/1102/976
f 1040/1102/976 557/1108/982 1041/1103/977
f 557/1108/982 556/1109/983 1041/1103/977
f 1041/1103/977 556/1109/983 1042/1104/978
f 556/1109/983 555/1110/984 1042/1104/978
f 1042/1104/978 555/1110/984 1043/1105/979
f 555/1110/984 554/1111/985 1043/1105/979
f 1043/1105/979 554/1111/985 631/605/527
f 554/1111/985 529/580/508 631/605/527
f 610/995/877 623/831/713 538/622/544
f 611/994/876 1044/1112/986 610/995/877
f 612/993/875 1045/1113/987 611/994/876
f 613/992/874 1047/1114/988 612/993/875
f 614/991/873 1050/1115/989 613/992/874
f 615/990/872 1054/1116/990 614/991/873
f 616/592/514 1059/1117/991 615/990/872
f 610/995/877 1044/1112/986 623/831/713
f 1044/1112/986 622/832/714 623/831/713
f 611/994/876 1045/1113/987 1044/1112/986
f 1045/1113/987 1046/1118/992 1044/1112/986
f 1044/1112/986 1046/1118/992 622/832/714
f 1046/1118/992 621/834/716 622/832/714
f 612/993/875 1047/1114/988 1045/1113/987
f 1047/1114/988 1048/1119/993 1045/1113/987
f 1045/1113/987 1048/1119/993 1046/1118/992
f 1048/1119/993 1049/1120/994 1046/1118/992
f 1046/1118/992 1049/1120/994 621/834/716
f 1049/1120/994 620/836/718 621/834/716
f 613/992/874 1050/1115/989 1047/1114/988
f 1050/1115/989 1051/1121/995 1047/1114/988
f 1047/1114/988 1051/1121/995 1048/1119/993
f 1051/1121/995 1052/1122/996 1048/1119/993
f 1048/1119/993 1052/1122/996 1049/1120/994
f 1052/1122/996 1053/1123/997 1049/1120/994
f 1049/1120/994 1053/1123/997 620/836/718
f 1053/1123/997 619/838/720 620/836/718
f 614/991/873 1054/1116/990 1050/1115/989
f 1054/1116/990 1055/1124/998 1050/1115/989
f 1050/1115/989 1055/1124/998 1051/1121/995
f 1055/1124/998 1056/1125/999 1051/1121/995
f 1051/1121/995 1056/1125/999 1052/1122/996
f 1056/1125/999 1057/1126/1000 1052/1122/996
f 1052/1122/996 1057/1126/1000 1053/1123/997
f 1057/1126/1000 1058/1127/1001 1053/1123/997
f 1053/1123/997 1058/1127/1001 619/838/720
f 1058/1127/1001 618/840/722 619/838/720
f 615/990/872 1059/1117/991 1054/1116/990
f 1059/1117/991 1060/1128/1002 1054/1116/990
f 1054/1116/990 1060/1128/1002 1055/1124/998
f 1060/1128/1002 1061/1129/1003 1055/1124/998
f 1055/1124/998 1061/1129/1003 1056/1125/999
f 1061/1129/1003 1062/1130/1004 1056/1125/999
f 1056/1125/999 1062/1130/1004 1057/1126/1000
f 1062/1130/1004 1063/1131/1005 1057/1126/1000
f 1057/1126/1000 1063/1131/1005 1058/1127/1001
f 1063/1131/1005 1064/1132/1006 1058/1127/1001
f 1058/1127/1001 1064/1132/1006 618/840/722
f 1064/1132/1006 617/609/531 618/840/722
f 616/592/514 567/582/510 1059/1117/991
f 567/582/510 566/1133/1007 1059/1117/991
f 1059/1117/991 566/1133/1007 1060/1128/1002
f 566/1133/1007 565/1134/1008 1060/1128/1002
f 1060/1128/1002 565/1134/1008 1061/1129/1003
f 565/1134/1008 564/1135/1009 1061/1129/1003
f 1061/1129/1003 564/1135/1009 1062/1130/1004
f 564/1135/1009 563/1136/1010 1062/1130/1004
f 1062/1130/1004 563/1136/1010 1063/1131/1005
f 563/1136/1010 562/1137/1011 1063/1131/1005
f 1063/1131/1005 562/1137/1011 1064/1132/1006
f 562/1137/1011 561/1138/1012 1064/1132/1006
f 1064/1132/1006 561/1138/1012 617/609/531
f 561/1138/1012 533/602/524 617/609/531
f 574/1139/1013 609/603/525 533/602/524
f 573/1140/1014 1065/1141/1015 574/1139/1013
f 572/1142/1016 1066/1143/1017 573/1140/1014
f 571/1144/1018 1068/1145/1019 572/1142/1016
f 570/1146/1020 1071/1147/1021 571/1144/1018
f 569/1148/1022 1075/1149/1023 570/1146/1020
f 568/591/513 1080/1150/1024 569/1148/1022
f 574/1139/1013 1065/1141/1015 609/603/525
f 1065/1141/1015 608/1017/899 609/603/525
f 573/1140/1014 1066/1143/1017 1065/1141/1015
f 1066/1143/1017 1067/1151/1025 1065/1141/1015
f 1065/1141/1015 1067/1151/1025 608/1017/899
f 1067/1151/1025 607/1018/900 608/1017/899
f 572/1142/1016 1068/1145/1019 1066/1143/1017
f 1068/1145/1019 1069/1152/1026 1066/1143/1017
f 1066/1143/1017 1069/1152/1026 1067/1151/1025
f 1069/1152/1026 1070/1153/1027 1067/1151/1025
f 1067/1151/1025 1070/1153/1027 607/1018/900
f 1070/1153/1027 606/1019/901 607/1018/900
f 571/1144/1018 1071/1147/1021 1068/1145/1019
f 1071/1147/1021 1072/1154/1028 1068/1145/1019
f 1068/1145/1019 1072/1154/1028 1069/1152/1026
f 1072/1154/1028 1073/1155/1029 1069/1152/1026
f 1069/1152/1026 1073/1155/1029 1070/1153/1027
f 1073/1155/1029 1074/1156/1030 1070/1153/1027
f 1070/1153/1027 1074/1156/1030 606/1019/901
f 1074/1156/1030 605/1020/902 606/1019/901
f 570/1146/1020 1075/1149/1023 1071/1147/1021
f 1075/1149/1023 1076/1157/1031 1071/1147/1021
f 1071/1147/1021 1076/1157/1031 1072/1154/1028
f 1076/1157/1031 1077/1158/1032 1072/1154/1028
f 1072/1154/1028 1077/1158/1032 1073/1155/1029
f 1077/1158/1032 1078/1159/1033 1073/1155/1029
f 1073/1155/1029 1078/1159/1033 1074/1156/1030
f 1078/1159/1033 1079/1160/1034 1074/1156/1030
f 1074/1156/1030 1079/1160/1034 605/1020/902
f 1079/1160/1034 604/1021/903 605/1020/902
f 569/1148/1022 1080/1150/1024 1075/1149/1023
f 1080/1150/1024 1081/1161/1035 1075/1149/1023
f 1075/1149/1023 1081/1161/1035 1076/1157/1031
f 1081/1161/1035 1082/1162/1036 1076/1157/1031
f 1076/1157/1031 1082/1162/1036 1077/1158/1032
f 1082/1162/1036 1083/1163/1037 1077/1158/1032
f 1077/1158/1032 1083/1163/1037 1078/1159/1033
f 1083/1163/1037 1084/1164/1038 1078/1159/1033
f 1078/1159/1033 1084/1164/1038 1079/1160/1034
f 1084/1164/1038 1085/1165/1039 1079/1160/1034
f 1079/1160/1034 1085/1165/1039 604/1021/903
f 1085/1165/1039 603/1022/904 604/1021/903
f 568/591/513 595/590/512 1080/1150/1024
f 595/590/512 594/1166/1040 1080/1150/1024
f 1080/1150/1024 594/1166/1040 1081/1161/1035
f 594/1166/1040 593/1167/1041 1081/1161/1035
f 1081/1161/1035 593/1167/1041 1082/1162/1036
f 593/1167/1041 592/1168/1042 1082/1162/1036
f 1082/1162/1036 592/1168/1042 1083/1163/1037
f 592/1168/1042 591/1169/1043 1083/1163/1037
f 1083/1163/1037 591/1169/1043 1084/1164/1038
f 591/1169/1043 590/1170/1044 1084/1164/1038
f 1084/1164/1038 590/1170/1044 1085/1165/1039
f 590/1170/1044 589/1171/1045 1085/1165/1039
f 1085/1165/1039 589/1171/1045 603/1022/904
f 589/1171/1045 532/599/521 603/1022/904
f 589/1172/1045 602/600/522 532/599/521
f 590/1173/1044 1086/1174/1046 589/1172/1045
f 591/1175/1043 1087/1176/1047 590/1173/1044
f 592/1177/1042 1089/1178/1048 591/1175/1043
f 593/1179/1041 1092/1180/1049 592/1177/1042
f 594/1181/1040 1096/1182/1050 593/1179/1041
f 595/588/512 1101/1183/1051 594/1181/1040
f 589/1172/1045 1086/1174/1046 602/600/522
f 1086/1174/1046 601/1044/926 602/600/522
f 590/1173/1044 1087/1176/1047 1086/1174/1046
f 1087/1176/1047 1088/1184/1052 1086/1174/1046
f 1086/1174/1046 1088/1184/1052 601/1044/926
f 1088/1184/1052 600/1045/927 601/1044/926
f 591/1175/1043 1089/1178/1048 1087/1176/1047
f 1089/1178/1048 1090/1185/1053 1087/1176/1047
f 1087/1176/1047 1090/1185/1053 1088/1184/1052
f 1090/1185/1053 1091/1186/1054 1088/1184/1052
f 1088/1184/1052 1091/1186/1054 600/1045/927
f 1091/1186/1054 599/1046/928 600/1045/927
f 592/1177/1042 1092/1180/1049 1089/1178/1048
f 1092/1180/1049 1093/1187/1055 1089/1178/1048
f 1089/1178/1048 1093/1187/1055 1090/1185/1053
f 1093/1187/1055 1094/1188/1056 1090/1185/1053
f 1090/1185/1053 1094/1188/1056 1091/1186/1054
f 1094/1188/1056 1095/1189/1057 1091/1186/1054
f 1091/1186/1054 1095/1189/1057 599/1046/928
f 1095/1189/1057 598/1047/929 599/1046/928
f 593/1179/1041 1096/1182/1050 1092/1180/1049
f 1096/1182/1050 1097/1190/1058 1092/1180/1049
f 1092/1180/1049 1097/1190/1058 1093/1187/1055
f 1097/1190/1058 1098/1191/1059 1093/1187/1055
f 1093/1187/1055 1098/1191/1059 1094/1188/1056
f 1098/1191/1059 1099/1192/1060 1094/1188/1056
f 1094/1188/1056 1099/1192/1060 1095/1189/1057
f 1099/1192/1060 1100/1193/1061 1095/1189/1057
f 1095/1189/1057 1100/1193/1061 598/1047/929
f 1100/1193/1061 597/1048/930 598/1047/929
f 594/1181/1040 1101/1183/1051 1096/1182/1050
f 1101/1183/1051 1102/1194/1062 1096/1182/1050
f 1096/1182/1050 1102/1194/1062 1097/1190/1058
f 1102/1194/1062 1103/1195/1063 1097/1190/1058
f 1097/1190/1058 1103/1195/1063 1098/1191/1059
f 1103/1195/1063 1104/1196/1064 1098/1191/1059
f 1098/1191/1059 1104/1196/1064 1099/1192/1060
f 1104/1196/1064 1105/1197/1065 1099/1192/1060
f 1099/1192/1060 1105/1197/1065 1100/1193/1061
f 1105/1197/1065 1106/1198/1066 1100/1193/1061
f 1100/1193/1061 1106/1198/1066 597/1048/930
f 1106/1198/1066 596/1049/931 597/1048/930
f 595/588/512 581/587/511 1101/1183/1051
f 581/587/511 580/1199/1067 1101/1183/1051
f 1101/1183/1051 580/1199/1067 1102/1194/1062
f 580/1199/1067 579/1200/1068 1102/1194/1062
f 1102/1194/1062 579/1200/1068 1103/1195/1063
f 579/1200/1068 578/1201/1069 1103/1195/1063
f 1103/1195/1063 578/1201/1069 1104/1196/1064
f 578/1201/1069 577/1202/1070 1104/1196/1064
f 1104/1196/1064 577/1202/1070 1105/1197/1065
f 577/1202/1070 576/1203/1071 1105/1197/1065
f 1105/1197/1065 576/1203/1071 1106/1198/1066
f 576/1203/1071 575/1204/1072 1106/1198/1066
f 1106/1198/1066 575/1204/1072 596/1049/931
f 575/1204/1072 531/596/518 596/1049/931
f 575/1205/1072 588/597/519 531/596/518
f 576/1206/1071 1107/1207/1073 575/1205/1072
f 577/1208/1070 1108/1209/1074 576/1206/1071
f 578/1210/1069 1110/1211/1075 577/1208/1070
f 579/1212/1068 1113/1213/1076 578/1210/1069
f 580/1214/1067 1117/1215/1077 579/1212/1068
f 581/585/511 1122/1216/1078 580/1214/1067
f 575/1205/1072 1107/1207/1073 588/597/519
f 1107/1207/1073 587/1078/953 588/597/519
f 576/1206/1071 1108/1209/1074 1107/1207/1073
f 1108/1209/1074 1109/1217/1079 1107/1207/1073
f 1107/1207/1073 1109/1217/1079 587/1078/953
f 1109/1217/1079 586/1079/954 587/1078/953
f 577/1208/1070 1110/1211/1075 1108/1209/1074
f 1110/1211/1075 1111/1218/1080 1108/1209/1074
f 1108/1209/1074 1111/1218/1080 1109/1217/1079
f 1111/1218/1080 1112/1219/1081 1109/1217/1079
f 1109/1217/1079 1112/1219/1081 586/1079/954
f 1112/1219/1081 585/1080/955 586/1079/954
f 578/1210/1069 1113/1213/1076 1110/1211/1075
f 1113/1213/1076 1114/1220/1082 1110/1211/1075
f 1110/1211/1075 1114/1220/1082 1111/1218/1080
f 1114/1220/1082 1115/1221/1083 1111/1218/1080
f 1111/1218/1080 1115/1221/1083 1112/1219/1081
f 1115/1221/1083 1116/1222/1084 1112/1219/1081
f 1112/1219/1081 1116/1222/1084 585/1080/955
f 1116/1222/1084 584/1081/956 585/1080/955
f 579/1212/1068 1117/1215/1077 1113/1213/1076
f 1117/1215/1077 1118/1223/1085 1113/1213/1076
f 1113/1213/1076 1118/1223/1085 1114/1220/1082
f 1118/1223/1085 1119/1224/1086 1114/1220/1082
f 1114/1220/1082 1119/1224/1086 1115/1221/1083
f 1119/1224/1086 1120/1225/1087 1115/1221/1083
f 1115/1221/1083 1120/1225/1087 1116/1222/1084
f 1120/1225/1087 1121/1226/1088 1116/1222/1084
f 1116/1222/1084 1121/1226/1088 584/1081/956
f 1121/1226/1088 583/1082/957 584/1081/956
f 580/1214/1067 1122/1216/1078 1117/1215/1077
f 1122/1216/1078 1123/1227/1089 1117/1215/1077
f 1117/1215/1077 1123/1227/1089 1118/1223/1085
f 1123/1227/1089 1124/1228/1090 1118/1223/1085
f 1118/1223/1085 1124/1228/1090 1119/1224/1086
f 1124/1228/1090 1125/1229/1091 1119/1224/1086
f 1119/1224/1086 1125/1229/1091 1120/1225/1087
f 1125/1229/1091 1126/1230/1092 1120/1225/1087
f 1120/1225/1087 1126/1230/1092 1121/1226/1088
f 1126/1230/1092 1127/1231/1093 1121/1226/1088
f 1121/1226/1088 1127/1231/1093 583/1082/957
f 1127/1231/1093 582/1083/958 583/1082/957
f 581/585/511 546/584/507 1122/1216/1078
f 546/584/507 545/1232/1094 1122/1216/1078
f 1122/1216/1078 545/1232/1094 1123/1227/1089
f 545/1232/1094 544/1233/1095 1123/1227/1089
f 1123/1227/1089 544/1233/1095 1124/1228/1090
f 544/1233/1095 543/1234/1096 1124/1228/1090
f 1124/1228/1090 543/1234/1096 1125/1229/1091
f 543/1234/1096 542/1235/1097 1125/1229/1091
f 1125/1229/1091 542/1235/1097 1126/1230/1092
f 542/1235/1097 541/1236/1098 1126/1230/1092
f 1126/1230/1092 541/1236/1098 1127/1231/1093
f 541/1236/1098 540/1237/1099 1127/1231/1093
f 1127/1231/1093 540/1237/1099 582/1083/958
f 540/1237/1099 530/1084/515 582/1083/958
f 561/1138/1012 574/1238/1013 533/602/524
f 562/1137/1011 1128/1239/1100 561/1138/1012
f 563/1136/1010 1129/1240/1101 562/1137/1011
f 564/1135/1009 1131/1241/1102 563/1136/1010
f 565/1134/1008 1134/1242/1103 564/1135/1009
f 566/1133/1007 1138/1243/1104 565/1134/1008
f 567/582/510 1143/1244/1105 566/1133/1007
f 561/1138/1012 1128/1239/1100 574/1238/1013
f 1128/1239/1100 573/1245/1014 574/1238/1013
f 562/1137/1011 1129/1240/1101 1128/1239/1100
f 1129/1240/1101 1130/1246/1106 1128/1239/1100
f 1128/1239/1100 1130/1246/1106 573/1245/1014
f 1130/1246/1106 572/1247/1016 573/1245/1014
f 563/1136/1010 1131/1241/1102 1129/1240/1101
f 1131/1241/1102 1132/1248/1107 1129/1240/1101
f 1129/1240/1101 1132/1248/1107 1130/1246/1106
f 1132/1248/1107 1133/1249/1108 1130/1246/1106
f 1130/1246/1106 1133/1249/1108 572/1247/1016
f 1133/1249/1108 571/1250/1018 572/1247/1016
f 564/1135/1009 1134/1242/1103 1131/1241/1102
f 1134/1242/1103 1135/1251/1109 1131/1241/1102
f 1131/1241/1102 1135/1251/1109 1132/1248/1107
f 1135/1251/1109 1136/1252/1110 1132/1248/1107
f 1132/1248/1107 1136/1252/1110 1133/1249/1108
f 1136/1252/1110 1137/1253/1111 1133/1249/1108
f 1133/1249/1108 1137/1253/1111 571/1250/1018
f 1137/1253/1111 570/1254/1020 571/1250/1018
f 565/1134/1008 1138/1243/1104 1134/1242/1103
f 1138/1243/1104 1139/1255/1112 1134/1242/1103
f 1134/1242/1103 1139/1255/1112 1135/1251/1109
f 1139/1255/1112 1140/1256/1113 1135/1251/1109
f 1135/1251/1109 1140/1256/1113 1136/1252/1110
f 1140/1256/1113 1141/1257/1114 1136/1252/1110
f 1136/1252/1110 1141/1257/1114 1137/1253/1111
f 1141/1257/1114 1142/1258/1115 1137/1253/1111
f 1137/1253/1111 1142/1258/1115 570/1254/1020
f 1142/1258/1115 569/1259/1022 570/1254/1020
f 566/1133/1007 1143/1244/1105 1138/1243/1104
f 1143/1244/1105 1144/1260/1116 1138/1243/1104
f 1138/1243/1104 1144/1260/1116 1139/1255/1112
f 1144/1260/1116 1145/1261/1117 1139/1255/1112
f 1139/1255/1112 1145/1261/1117 1140/1256/1113
f 1145/1261/1117 1146/1262/1118 1140/1256/1113
f 1140/1256/1113 1146/1262/1118 1141/1257/1114
f 1146/1262/1118 1147/1263/1119 1141/1257/1114
f 1141/1257/1114 1147/1263/1119 1142/1258/1115
f 1147/1263/1119 1148/1264/1120 1142/1258/1115
f 1142/1258/1115 1148/1264/1120 569/1259/1022
f 1148/1264/1120 568/1265/513 569/1259/1022
f 567/582/510 553/581/509 1143/1244/1105
f 553/581/509 552/1266/1121 1143/1244/1105
f 1143/1244/1105 552/1266/1121 1144/1260/1116
f 552/1266/1121 551/1267/1122 1144/1260/1116
f 1144/1260/1116 551/1267/1122 1145/1261/1117
f 551/1267/1122 550/1268/1123 1145/1261/1117
f 1145/1261/1117 550/1268/1123 1146/1262/1118
f 550/1268/1123 549/1269/1124 1146/1262/1118
f 1146/1262/1118 549/1269/1124 1147/1263/1119
f 549/1269/1124 548/1270/1125 1147/1263/1119
f 1147/1263/1119 548/1270/1125 1148/1264/1120
f 548/1270/1125 547/1271/506 1148/1264/1120
f 1148/1264/1120 547/1271/506 568/1265/513
f 547/1271/506 528/1272/505 568/1265/513
f 540/1273/1099 560/594/516 530/593/515
f 541/1274/1098 1149/1275/1126 540/1273/1099
f 542/1276/1097 1150/1277/1127 541/1274/1098
f 543/1278/1096 1152/1279/1128 542/1276/1097
f 544/1280/1095 1155/1281/1129 543/1278/1096
f 545/1282/1094 1159/1283/1130 544/1280/1095
f 546/579/507 1164/1284/1131 545/1282/1094
f 540/1273/1099 1149/1275/1126 560/594/516
f 1149/1275/1126 559/1106/980 560/594/516
f 541/1274/1098 1150/1277/1127 1149/1275/1126
f 1150/1277/1127 1151/1285/1132 1149/1275/1126
f 1149/1275/1126 1151/1285/1132 559/1106/980
f 1151/1285/1132 558/1107/981 559/1106/980
f 542/1276/1097 1152/1279/1128 1150/1277/1127
f 1152/1279/1128 1153/1286/1133 1150/1277/1127
f 1150/1277/1127 1153/1286/1133 1151/1285/1132
f 1153/1286/1133 1154/1287/1134 1151/1285/1132
f 1151/1285/1132 1154/1287/1134 558/1107/981
f 1154/1287/1134 557/1108/982 558/1107/981
f 543/1278/1096 1155/1281/1129 1152/1279/1128
f 1155/1281/1129 1156/1288/1135 1152/1279/1128
f 1152/1279/1128 1156/1288/1135 1153/1286/1133
f 1156/1288/1135 1157/1289/1136 1153/1286/1133
f 1153/1286/1133 1157/1289/1136 1154/1287/1134
f 1157/1289/1136 1158/1290/1137 1154/1287/1134
f 1154/1287/1134 1158/1290/1137 557/1108/982
f 1158/1290/1137 556/1109/983 557/1108/982
f 544/1280/1095 1159/1283/1130 1155/1281/1129
f 1159/1283/1130 1160/1291/1138 1155/1281/1129
f 1155/1281/1129 1160/1291/1138 1156/1288/1135
f 1160/1291/1138 1161/1292/1139 1156/1288/1135
f 1156/1288/1135 1161/1292/1139 1157/1289/1136
f 1161/1292/1139 1162/1293/1140 1157/1289/1136
f 1157/1289/1136 1162/1293/1140 1158/1290/1137
f 1162/1293/1140 1163/1294/1141 1158/1290/1137
f 1158/1290/1137 1163/1294/1141 556/1109/983
f 1163/1294/1141 555/1110/984 556/1109/983
f 545/1282/1094 1164/1284/1131 1159/1283/1130
f 1164/1284/1131 1165/1295/1142 1159/1283/1130
f 1159/1283/1130 1165/1295/1142 1160/1291/1138
f 1165/1295/1142 1166/1296/1143 1160/1291/1138
f 1160/1291/1138 1166/1296/1143 1161/1292/1139
f 1166/1296/1143 1167/1297/1144 1161/1292/1139
f 1161/1292/1139 1167/1297/1144 1162/1293/1140
f 1167/1297/1144 1168/1298/1145 1162/1293/1140
f 1162/1293/1140 1168/1298/1145 1163/1294/1141
f 1168/1298/1145 1169/1299/1146 1163/1294/1141
f 1163/1294/1141 1169/1299/1146 555/1110/984
f 1169/1299/1146 554/1111/985 555/1110/984
f 546/579/507 547/578/506 1164/1284/1131
f 547/578/506 548/1300/1125 1164/1284/1131
f 1164/1284/1131 548/1300/1125 1165/1295/1142
f 548/1300/1125 549/1301/1124 1165/1295/1142
f 1165/1295/1142 549/1301/1124 1166/1296/1143
f 549/1301/1124 550/1302/1123 1166/1296/1143
f 1166/1296/1143 550/1302/1123 1167/1297/1144
f 550/1302/1123 551/1303/1122 1167/1297/1144
f 1167/1297/1144 551/1303/1122 1168/1298/1145
f 551/1303/1122 552/1304/1121 1168/1298/1145
f 1168/1298/1145 552/1304/1121 1169/1299/1146
f 552/1304/1121 553/1305/509 1169/1299/1146
f 1169/1299/1146 553/1305/509 554/1111/985
f 553/1305/509 529/580/508 554/1111/985
o box
v -0.597323 0.000010 -0.425921
v -0.327739 0.000010 -0.425921
v -0.597323 0.000010 -0.695504
v -0.327739 0.000010 -0.695504
v -0.597323 0.751899 -0.425921
v -0.327739 0.751899 -0.425921
v -0.597323 0.751899 -0.695504
v -0.327739 0.751899 -0.695504
vn -0.0000 -1.0000 -0.0000
vn -0.0000 1.0000 -0.0000
vn -0.0000 -0.0000 1.0000
vn 1.0000 -0.0000 -0.0000
vn -1.0000 -0.0000 -0.0000
vn -0.0000 -0.0000 -1.0000
vt 0.250000 0.697268
vt 0.250000 0.947268
vt 0.000000 0.947268
vt 0.000000 0.697268
vt 0.500000 0.697268
vt 0.500000 0.947268
vt 0.000000 0.000000
vt 0.250000 0.000000
vt 0.500000 0.000000
vt 0.750000 0.697268
vt 0.750000 0.000000
vt 1.000000 0.697268
vt 1.000000 0.000000
s 0
f 1170/1306/1147 1172/1307/1147 1173/1308/1147 1171/1309/1147
f 1174/1306/1148 1175/1310/1148 1177/1311/1148 1176/1307/1148
f 1170/1306/1149 1171/1309/1149 1175/1312/1149 1174/1313/1149
f 1171/1310/1150 1173/1306/1150 1177/1313/1150 1175/1314/1150
f 1172/1315/1151 1170/1310/1151 1174/1314/1151 1176/1316/1151
f 1173/1317/1152 1172/1315/1152 1176/1316/1152 1177/1318/1152
o emmision
v -0.325263 1.966646 0.305460
v -0.325263 1.995046 0.305460
v -0.325263 1.966646 -0.370022
v -0.325263 1.995046 -0.370022
v 0.350219 1.966646 0.305460
v 0.350219 1.995046 0.305460
v 0.350219 1.966646 -0.370022
v 0.350219 1.995046 -0.370022
vn -1.0000 -0.0000 -0.0000
vn -0.0000 -0.0000 -1.0000
vn 1.0000 -0.0000 -0.0000
vn -0.0000 -0.0000 1.0000
vn -0.0000 -1.0000 -0.0000
vn -0.0000 1.0000 -0.0000
vt 1.000000 -0.000000
vt 1.000000 0.021022
vt 0.500000 0.021022
vt 0.500000 0.000000
vt 1.000000 0.021022
vt 1.000000 0.042043
vt 0.500000 0.042043
vt 0.500000 0.021022
vt 1.000000 0.042043
vt 1.000000 0.063065
vt 0.500000 0.063065
vt 0.500000 0.042043
vt 1.000000 0.063065
vt 1.000000 0.084087
vt 0.500000 0.084087
vt 0.500000 0.063065
vt 0.500000 0.500000
vt 0.000000 0.500000
vt 0.000000 0.000000
vt 0.500000 0.000000
vt 0.500000 1.000000
vt 0.000000 1.000000
vt 0.000000 0.500000
vt 0.500000 0.500000
s 0
f 1178/1319/1153 1179/1320/1153 1181/1321/1153 1180/1322/1153
f 1180/1323/1154 1181/1324/1154 1185/1325/1154 1184/1326/1154
f 1184/1327/1155 1185/1328/1155 1183/1329/1155 1182/1330/1155
f 1182/1331/1156 1183/1332/1156 1179/1333/1156 1178/1334/1156
f 1180/1335/1157 1184/1336/1157 1182/1337/1157 1178/1338/1157
f 1185/1339/1158 1181/1340/1158 1179/1341/1158 1183/1342/1158
o 锥体
v 0.130784 0.000013 -0.424877
v 0.631334 0.000013 -0.076898
v 0.079701 0.000013 0.182601
v 0.280606 0.545573 -0.106391
vn 0.5432 0.3070 -0.7814
vn -0.0000 -1.0000 -0.0000
vn 0.4051 0.3070 0.8612
vn -0.9484 0.3070 -0.0797
vt 0.000000 0.279581
vt 0.414529 0.000000
vt 0.414529 0.500000
vt 0.821117 0.734744
vt 0.414529 0.969488
vt 0.414529 0.500000
vt 0.000000 0.779581
vt 0.414529 0.500000
vt 0.414529 1.000000
vt 0.914529 0.414529
vt 0.414529 0.414529
vt 0.694110 -0.000000
s 0
f 1186/1343/1159 1189/1344/1159 1187/1345/1159
f 1186/1346/1160 1187/1347/1160 1188/1348/1160
f 1187/1349/1161 1189/1350/1161 1188/1351/1161
f 1188/1352/1162 1189/1353/1162 1186/1354/1162
